Use,Species,species.alt,Species.no.ssp,code,new.code,accept.code,family,group,nat.inv,Heteromorphic,Heteromorphic.ref,Heteromorphic.Notes,Fruit Type,germinule.equal.dispersule.,germ.disp.notes,germ.disp.ref,dormancy.type,dorm.notes
y,Amaranthus fimbriatus,,Amaranthus fimbriatus,AMAFIM,AMAFIM,AMFI,Amaranthaceae,forb,native,n,Jepson eflora,"Fruit: circumscissile; 1.3--2 mm, +- spheric to ovoid, green to tan, wrinkled especially near tip. Seed: 0.9--1 mm, lenticular, round, dark red-brown to black, smooth, shiny. ",utricle (dehiscent),y,"Utricles subglobose to obovate, 1.2-2 mm, shorter than tepals, rugose to nearly smooth, dehiscence regularly circumscissile.",SEINet,PD,genus
y,Amaranthus hybridus,,Amaranthus hybridus,AMAHYB,AMAHYB,AMHY,Amaranthaceae,forb,native,n,Jepson eflora,"Fruit: circumscissile; 1.5--2.2 mm, ovoid to obovoid, irregular-dehiscent or indehiscent, occasionally on same pl, lid strongly wrinkled at base. Seed: 0.9--1.4 mm, lenticular, widely elliptic to round, brown to black, smooth to finely dotted on margin, shiny.",utricle (dehiscent),y,"Utricles obovoid or elongate-ovoid, 1.5-2.5 mm, shorter than tepals, smooth proximally, lid verrucose or rugose, dehiscence regularly circumscissile, or rarely in some presumably hybrid forms, irregularly dehiscent or indehiscent.",SEINet,PD,
y,Amaranthus palmeri,,Amaranthus palmeri,AMAPAL,AMAPAL,AMPA,Amaranthaceae,forb,native,n,Jepson eflora,"Fruit: circumscissile; 1.5--2 mm, < perianth, +- spheric to obovoid, brown to occasionally red-brown, smooth or +- rough near tip. Seed: 1--1.4 mm wide, lenticular, elliptic to obovate, dark red-brown to black, smooth, shiny. ",utricle (dehiscent),y,fruit circumscissile,SEINet,PD,genus
y,Amaranthus torreyi,,Amaranthus torreyi,AMATOR,AMATOR,AMTO6,Amaranthaceae,forb,native,n,Jepson eflora,"Fruit: circumscissile; 1.4--2 mm, <= perianth parts, +- spheric to obovoid; lid coarse-wrinkled near base. Seed: 0.9--1.1 mm, lenticular, dark brown to black, smooth, shiny.",utricle (dehiscent),y,fruit circumscissile,SEINet,PD,genus
y,Tidestromia suffruticosa var. oblongifolia,Tidestromia oblongifolia,Tidestromia suffruticosa var. oblongifolia,TIDSUFO,TIDSUF,TISUO,Amaranthaceae,forb,native,n,Jepson eflora ,Seed: 0.9--1.6 mm.,utricle (dehiscent),,,,,
y,Daucus pusillus,,Daucus pusillus,DAUPUS,DAUPUS,DAPU3,Apiaceae,forb,native,n,Jepson eflora,Fruit: 3--5 mm.,mericarp,n,fruit is a mericarp (indehiscent dry fruit),,MPD,
y,Achyrachaena mollis,,Achyrachaena mollis,ACHMOL,ACHMOL,ACMO,Asteraceae,forb,native,y,Jepson eflora,"Fruit: 4.5--9 mm; ray fruit +- club-shaped, compressed front-to-back, 10-ribbed, glabrous or +- scabrous, black, pappus 0; disk fruit similar to ray fruits, +- scabrous, brown to black, pappus of 10, oblong, shiny-white, obtuse scales in 2 series, 5 outer scales 3--9 mm, 5 inner scales 6--13 mm, spreading in fruit.",achene,n,fruit is achene,Jepson eflora,,
y,Agoseris heterophylla,,Agoseris heterophylla,AGOHET,AGOHET,AGHE2,Asteraceae,forb,native,n,Jepson eflora,"Fruit: outermost generally different (all alike); body 2--5 mm, generally fusiform but highly variable, sometimes inflated, tip gradually tapered to truncate; ribs straight to wavy (ribless), uniform or smaller downward, glabrous to minutely coarse-hairy; beak 5--11 mm, slender, generally 2--3 × body; pappus 4--9 mm, in 2--3 series.",achene,n,pappus present,,PD,genus
y,Ancistrocarphus filagineus,,Ancistrocarphus filagineus,ANCFIL,ANCFIL,ANFI3,Asteraceae,forb,native,n,SEINet,"Cypselae 1.4-2 × 0.6-0.9 mm, transverse bands 1, proximal, black.",achene,y,,,,
y,Anisocoma acaulis,,Anisocoma acaulis,ANIACA,ANIACA,ANAC,Asteraceae,forb,native,n,Jepson eflora,"Fruit: 10--15-veined; pappus readily deciduous, of 10 plumose bristles in 1 series, white, bristles on adaxial side of fruit < those on abaxial side. ",achene,y,,,,
y,Atrichoseris platyphylla,,Atrichoseris platyphylla,ATRPLA,ATRPLA,ATPL,Asteraceae,forb,native,n,Jepson eflora,"Fruit: 4--4.5 mm, +- cylindric or broadly club-shaped with 4--5 blunt angles, +- white; pappus 0.",achene,y,,,,
y,Calycadenia multiglandulosa,,Calycadenia multiglandulosa,CALMUL,CALMUL,CAMU3,Asteraceae,forb,native,y,SEINet,"Ray cypselae ca. 2.5 mm, smooth, glabrous or ± appressed-hairy. Disc cypselae ca. 2.5 mm, nearly smooth to ± appressed-hairy",achene,y,,,,
y,Calycadenia pauciflora,,Calycadenia pauciflora,CALPAU,CALPAU,CAPA6,Asteraceae,forb,native,y,Jepson eflora,"Fruit: ray fruit smooth, glabrous; disk pappus scales generally 8--10, alternately long and short.",achene,y,,,,
y,Carduus pycnocephalus,,Carduus pycnocephalus,CARPYC,CARPYC,CAPY2,Asteraceae,forb,invasive,n,Jepson eflora ,"Fruit: 4--6 mm, golden to brown; veins 20; pappus 10--15 mm. ",achene,y,,,PD/ND,genus
y,Centaurea melitensis,,Centaurea melitensis,CENMEL,CENMEL,CEME2,Asteraceae,forb,invasive,n,Jepson eflora,"Fruit: +- 2.5 mm, +- light brown, finely hairy; pappus bristles 2.5--3 mm, white. ",achene,n,,,PD,genus
y,Centaurea solstitialis,,Centaurea solstitialis,CENSOL,CENSOL,CESO3,Asteraceae,forb,invasive,y,Jepson eflora,"Fruit: 2--3 mm, glabrous; outer fruit dark brown, pappus 0; inner fruit +- mottled light brown, pappus bristles 2--4 mm, fine, white.",achene,y,,,PD,genus
y,Chaenactis artemisiifolia,,Chaenactis artemisiifolia,CHAART,CHAART,CHAR,Asteraceae,forb,native,n,Jepson eflora,"Fruit: 4--7 mm, compressed; pappus 0 or crown-like, scales +- 10, <= 0.5 mm. ",achene,na,"y if no pappus, n if pappus",,,
y,Chaenactis carphoclinia,,Chaenactis carphoclinia,CHACAR,CHACAR,CHCA,Asteraceae,forb,native,n,Jepson eflora,"Fruit: 3--4.5 mm; inner fruit pappus generally of 4 scales in 1 series, longest 3--5 mm.",achene,n,,,,
y,Chaenactis fremontii,,Chaenactis fremontii,CHAFRE,CHAFRE,CHFR,Asteraceae,forb,native,n,Jepson eflora,"Fruit: (3)6--8 mm; inner fruit pappus of 4 scales in 1 series, longest 6--8.5 mm, tips visible among buds. ",achene,n,,,,
y,Chaenactis glabriuscula,,Chaenactis glabriuscula,CHAGLA,CHAGLA,CHGL,Asteraceae,forb,native,y,Jepson eflora*,"Fruit: 3--9 mm; inner fruit pappus generally of 4 scales in 1 series, or (7)8 scales in 2 unequal series, outer << inner, longest (1)2--8 mm.",achene,n,,,,
y,Chaenactis stevioides,,Chaenactis stevioides,CHASTE,CHASTE,CHST,Asteraceae,forb,native,n,Jepson eflora,"Fruit: (3)4--6.5 mm; inner fruit pappus of 4 scales in 1 series (sometimes a 5th outer scale << inner), longest 1.5--6 mm, tips hidden among buds.",achene,n,,,,
y,Deinandra fasciculata,Hemizonia fasciculata,Deinandra fasciculata,DEIFAS,DEIFAS,HEFA,Asteraceae,forb,native,y,Jepson eflora," Fruit: ray nearly round in ×-section (except +- flattened adaxially) or +- 3-angled (abaxially generally +- widely 2-faced, adaxially +- flattened to slightly bulging), generally +- arched, glabrous, tip +- beaked, beak offset adaxially, ascending, pappus 0; disk fruit generally 0, disk pappus generally of 1--15 generally linear to lanceolate, entire or fringed to deeply cut scales, sometimes 0 or crown-like.",achene,na,"disc seed no, ray seed yyes",,,
y,Eriophyllum lanosum,,Eriophyllum lanosum,ERILAN,ERILAN,ANLA7,Asteraceae,forb,native,n,Jepson eflora,"Ray Flower: 8--10; ray 3--7 mm, oblong, white, occasionally red-veined. Disk Flower: many; corolla 2--3 mm, glabrous; anther tip awl-like, glabrous. Fruit: 2.5--4.5 mm, linear or narrowly club-like, glabrous to minutely strigose; pappus scales 0.5--2.5 mm, generally unequal, longest awned.",achene,n,,,PD,
y,Eriophyllum wallacei,,Eriophyllum wallacei,ERIWAL,ERIWAL,ANWA,Asteraceae,forb,native,n,Jepson eflora,"Ray Flower: 5--10; ray 3--4 mm, yellow, occasionally cream-white. Disk Flower: many; corolla 2--3 mm, throat minutely puberulent; anther tip awl-like, glabrous. Fruit: +- 2 mm, narrowly club-shaped, glabrous or minutely strigose; pappus (0)0.4--0.8 mm.",achene,y,,,PD,
y,Evax multicaulis,"Evax verna var. verna, Diaperia verna",Evax multicaulis,EVAMUL,EVAMUL,EVVEV,Asteraceae,forb,native,n,SEINet,"Cypselae rounded, ± terete, mostly 0.7-0.9 mm.",achene,y,,,PD,
y,Geraea canescens,,Geraea canescens,GERCAN,GERCAN,GECA2,Asteraceae,forb,native,n,Jepson eflora,Fruit: 6--7 mm; pappus awns 3--4 mm.,achene,n,,,PD,
y,Helianthus annuus,,Helianthus annuus,HELANN,HELANN,HEAN3,Asteraceae,forb,native,n,Jepson eflora,"Fruit: (3)4--5(15) mm; main pappus scales 2, lanceolate, 2--3.5 mm, smaller scales 0--4, obtuse",achene,n,,,PD,
y,Helianthus deserticola,,Helianthus deserticola,HELDES,HELDES,HEAN4,Asteraceae,forb,native,n,SEINet,"Cypselae: 4-5 mm, pilose; pappi usually of 2 linear scales 1.6-2.5 mm plus 4-6 linear or ovate, erose scales 0.5-1 mm.",achene,n,,,PD,genus
y,Helianthus niveus,,Helianthus niveus,HELNIV,HELNIV,HENI3,Asteraceae,forb,native,n,Jepson eflora,"ray flowers sterile; oblanceolate to obovate, +- compressed, sides rounded; pappus generally of 2 deciduous, lanceolate to ovate scales (+ 0--several shorter scales)",achene,y,,,PD,genus
y,Helianthus niveus ssp. canescens,,Helianthus niveus,HELNIVC,HELNIV,HENIC,Asteraceae,forb,native,n,Jepson eflora,Fruit: 3--4.5 mm; pappus scales 1.5--3 mm + 0--2 shorter scales.,achene,y,,,PD,genus
y,Helianthus petiolaris ssp. fallax,,Helianthus petiolaris ssp. fallax,HELPETF,HELPET,HEPEF,Asteraceae,forb,native,n,Jepson eflora,"ray flowers sterile; oblanceolate to obovate, +- compressed, sides rounded; pappus generally of 2 deciduous, lanceolate to ovate scales (+ 0--several shorter scales)",achene,y,,,PD,
y,Heliomeris longifolia var. annua,,Heliomeris longifolia var. annua,HELLONA,HELLON,HELOA2,Asteraceae,forb,native,n,Jepson eflora,"ray flowers sterile; oblanceolate to obovate, +- compressed, sides rounded; pappus generally of 2 deciduous, lanceolate to ovate scales (+ 0--several shorter scales)",achene,y,,,,
y,Hemizonia congesta,,Hemizonia congesta,HEMCON,HEMCON,HECO7,Asteraceae,forb,native,n,Jepson eflora,"Fruit: ray fruit 2--3.5 mm, nearly round in ×-section (except +- flattened adaxially) or +- 3- angled (abaxially generally +- widely 2-faced, adaxially +- flattened to slightly bulging), glabrous, black, tip sometimes beaked, beak inconspicuous, straight, diam > length, pappus 0; disk fruit 0, pappus 0.",achene,y,,,,
y,Heterotheca sessiliflora,,Heterotheca sessiliflora,HETSES,HETSES,HESE,Asteraceae,forb,native,n,Jepson eflora,"Fruit: 1.5--4.5 mm; ray and disk fruit similar, +- strigose; outer pappus 0.25--0.5 mm, inner 5--8(10) mm.",achene,n,,,ND,genus
y,Holocarpha virgata,,Holocarpha virgata,HOLVIR,HOLVIR,HOVI,Asteraceae,forb,native,y,Jepson eflora,"Fruit: ray fruit +- 2.5--4 mm, nearly round in ×-section (except +- flattened adaxially) or +- 3- angled (abaxially generally +- widely 2-faced, adaxially +- flattened to slightly bulging), glabrous, tip beaked, beak adaxial, ascending, pappus 0; disk fruit +- club-shaped, glabrous, tip beakless, pappus 0",achene,y,,,,
y,Hypochaeris glabra,,Hypochaeris glabra,HYPGLA,HYPGLA,HYGL2,Asteraceae,forb,invasive,y,Jepson eflora,"Fruit: outer fruit 3--4 mm, cylindric, tapered to base, pappus bristles densely plumose in proximal 1/3; inner fruit longer, fusiform, beak <= body, pappus bristles 6--10 mm, lightly plumose throughout.",achene,y,,,PD/ND,genus
n,Lactuca serriola,,Lactuca serriola,LACSER,LACSER,LASE,Asteraceae,forb,invasive,n,Jepson eflora,"Fruit: body 2.5--3.5 mm, light to dark brown, rough-hairy, unwinged, faces 5--7-ribbed, beak 2.5--4 mm, thread-like; pappus 3.5--5 mm, white.",achene,y,,,ND,
y,Laennecia coulteri,,Laennecia coulteri,LAECOU,LAECOU,LACO13,Asteraceae,forb,native,n,Jepson eflora,"Fruit: 0.5--1 mm, pale tan; pappus (2.5)3.5--4 mm, +- white.",achene,n,,,,
y,Lagophylla minor,,Lagophylla minor,LAGMIN,LAGMIN,LAMI,Asteraceae,forb,native,n,Jepson eflora,"Fruit: shiny, not striate.",achene,y,,,,
y,Lasthenia californica,,Lasthenia californica,LASCAL,LASCAL,LACA7,Asteraceae,forb,native,n,Jepson eflora,"Fruit: < 4 mm, linear to narrowly club-shaped, glabrous or hairy, black to gray or silver-gray; pappus of 1--7 clear, brown, linear to awl-like scales, or 0",achene,y,,,PD,genus
y,Lasthenia coronaria,,Lasthenia coronaria,LASCOR,LASCOR,LACO7,Asteraceae,forb,native,y,Jepson eflora,"Fruit: < 2.5 mm, linear to narrowly club-shaped, hairy, black; pappus generally of 5--6+ lanceolate to ovate scales or 4--5 oblong, truncate scales or 0, generally different in ray and disk fruits.",achene,y,,,PD,genus
y,Lasthenia minor,,Lasthenia minor,LASMIN,LASMIN,,Asteraceae,forb,native,n,Jepson eflora,"Fruit: < 2.6 mm, narrowly club-shaped, glabrous or hairy, black; pappus of 2--3(4) narrowly tapered to lanceolate, brown or white awns intermixed with 4--5+ +- truncate, fringed shorter scales, or 0.",achene,,,,PD,genus
y,Layia glandulosa,,Layia glandulosa,LAYGLA,LAYGLA,LAGL5,Asteraceae,forb,native,y,Jepson eflora,"Fruit: ray fruit glabrous; disk pappus of 10--15 scales, 2--5 mm, +- equal, linear and long-tapering or awl-shaped, white, scabrous and proximally plumose, often woolly on adaxial face",achene,y,,,,
y,Layia platyglossa,,Layia platyglossa,LAYPLA,LAYPLA,LAPL,Asteraceae,forb,native,y,Jepson eflora,"Fruit: ray fruit glabrous or sparsely hairy, dull; disk pappus of (0 or 11)14--32 bristles or bristle-like scales, 1--6 mm, +- equal, white to +- brown, generally scabrous throughout, generally not plumose and not adaxially woolly, sometimes short-plumose proximally and woolly adaxially in SW",achene,y,,,,
y,Leptosyne bigelovii,,Leptosyne bigelovii,LEPBIG,LEPBIG,COBI,Asteraceae,forb,native,y,Jepson eflora,"Fruit: ray fruit 3.5--6 mm, oblong to obovate, glabrous, brown or splotched with tan, rough, wing narrow, pappus 0; disk fruit 4--6 mm, oblong to oblanceolate, dark brown or splotched with tan, shiny, outer face glabrous, inner face with central row of hairs, margins ciliate, hairs 1--1.5 mm; pappus scales 1.7--2.8 mm, lanceolate.",achene,na,ray yes disc no,,PD,Coreopsis
y,Logfia filaginoides,Filago californica,Logfia filaginoides,LOGFIL,LOGFIL,LOCA19,Asteraceae,forb,native,y,Jepson eflora,"Fruit: outer 0.9--1 mm, +- straight; pappus bristles of inner 17--23+, 1.9--3 mm.",achene,n,,,PD,genus
y,Logfia gallica,Filago gallica,Logfia gallica,LOGGAL,LOGGAL,,Asteraceae,forb,invasive,y,Jepson eflora,"Fruit: outer bent inward, 0.9--1 mm; pappus bristles of inner 18--28+, 2.2--3 mm.",achene,n,,,PD,genus
y,Machaeranthera tagetina,,Machaeranthera tagetina,MACTAG,MACTAG,MATA,Asteraceae,forb,native,n,SEINet,Cypselae: 2-3.5(-4) mm; pappi 2-8 mm.,achene,n,,,ND,genus
y,Madia elegans,,Madia elegans,MADELE,MADELE,MAEL,Asteraceae,forb,native,n,Jepson eflora," Fruit: ray fruit compressed or +- 3-angled, slightly rounded abaxially, angled 15--45° adaxially, black or brown, occasionally mottled, dull or glossy, +- beakless; disk fruit 0",achene,y,,,PD,
y,Madia gracilis,,Madia gracilis,MADGRA,MADGRA,,Asteraceae,forb,native,n,SEINet,"Ray cypselae black, purple, or mottled, dull, compressed, beakless (or nearly so). Disc cypselae similar. ",achene,y,,,PD,genus
y,Malacothrix coulteri,,Malacothrix coulteri,MALCOU,MALCOU,,Asteraceae,forb,native,n,Jepson eflora,"Fruit: 1.6--3.2 mm, prominent ribs, +- winged, extending beyond tip; outer pappus teeth uneven, bristles 2--6.",achene,,,,,
y,Malacothrix fendleri,,Malacothrix fendleri,MALFEN,MALFEN,MAFE,Asteraceae,forb,native,n,SEINet ,"Ligulate. Cypselae ± cylindric, 1.8-2.4 mm (distal 0.3 mm slightly expanded, cupped, smooth), ribs not extending to apices, ± equal; persistent pappi of 12-15, ± deltate teeth (often hidden within cups at apices of cypselae) plus 1-2 bristles.",achene,n,,,,
y,Malacothrix glabrata,,Malacothrix glabrata,MALGLA,MALGLA,MAGL3,Asteraceae,forb,native,n,Jepson eflora & SEINet,"Ligulate. Fruit: 2--3.3 mm; outer pappus of irregular teeth, bristles 1--5. L Cypselae ± cylindro-fusiform (sometimes weakly 5-angled), 2-3.3 mm, ribs extending to apices, usually ± equal; persistent pappi of 0-12+, blunt to acute teeth plus 1-2(-5) bristles. ",achene,n,,,,
y,Micropus californicus,,Micropus californicus,MICCAL,MICCAL,MICA,Asteraceae,forb,native,n,SEINet & Jepson eflora,"Cypselae 1.4-2.6 mm, corolla scars ± median; pappi: staminate 0 or of 1, ± smooth bristle 0.9-1.5 mm. Fruit: 1.4--2.6 mm; disk pappus 0 or of 1 bristle, 0.9--1.5 mm.",achene,n,,,,
y,Microseris douglasii,,Microseris douglasii,MICDOU,MICDOU,MIDO,Asteraceae,forb,native,n,Jepson eflora,"Fruit: gray to brown or +- black, often dark-spotted; outermost fruits generally hairy; pappus scales <= 5, silvery to +- black, often hairy, bristles 1--8 mm, +- strongly barbed.",achene,y,,,PD,genus
y,Microseris elegans,,Microseris elegans,MICELE,MICELE,MIEL,Asteraceae,forb,native,n,Jepson eflora,"Ligulate. Cypselae columnar to obconic, 1.5–3 mm; pappi of (4–)5 white or brownish, ovate to deltate, aristate scales 0.2–2.5 mm (straight or slightly arcuate, scarcely involute.",achene,n,,,PD,genus
y,Monolopia lanceolata,,Monolopia lanceolata,MONLAN,MONLAN,,Asteraceae,forb,native,y,SEINet & https://www.jstor.org/stable/pdf/41422374.pdf?casa_token=0DHPq_yjPC0AAAAA:6uYeJAlW3xEJHQgvRMLmEtvbRz3cJALLsvHgvN1Y83CfomQMOAfLG5a6MLlaCQBQhMtWw6CnjiQg8tvoivkxULEpPzPj7ALeJF-M9YJLKFLiXkrRKu2Fjg,"Cypselae obcompressed, 2-4 mm, 3-angled (ray), 4-angled (disc), uniformly gray-strigose. SOURCE 2: se; achenes uniformly and
 densely (rarely sparsely) gray-strigulose, ray achenes obcom-
 pressed, convex, flat or subcarinate dorsally, 2.2-3.8 mm. (rarely
 2 mm.) long, 1.3-1.5 mm. broad, .6-1.1 mm. thick, disk achenes
 noticeably obcompressed, obtusely angled or carinate dorsally and
 ventrally, sometimes asymmetrically so, 2.2-3.8 mm. (rarely 2
 mm.) long, 1.2-1.5 mm. broad, .5- .8 mm. thic",achene,,,,,
y,Monoptilon bellioides,,Monoptilon bellioides,MONBEL,MONBEL,MOBE2,Asteraceae,forb,native,n,Jepson & SEINet,"*No info on seed. disk and ray flowers. Fruit: 1.5--2 mm. Pappi outer crowns of paleae or narrow squamellae 0.5-1 mm plus inner of 8-15 barbellate bristles, length 1 / 2 - 1 / 3 disc corollas",achene,y,,,,
y,Osmadenia tenella,,Osmadenia tenella,OSMTEN,OSMTEN,OSTE,Asteraceae,forb,native,y,SEINet & Jepson eflora,"Cypselae (rays) 1.8-2.7 mm, beaks 0.3 mm, or (discs) 2-2.5 mm. Fruit: ray fruit 1.8--2.7 mm, back rounded to angled, rough, glabrous, adaxial face +- flat, beak short, adaxially off-center, pappus 0; disk fruit +- angled, tapered at base, +- thinly hairy, pappus of +- 8 scales, long and short. ",achene,na,ray yes disc no,,,
y,Palafoxia arida,,Palafoxia arida,PALARI,PALARI,PAAR8,Asteraceae,forb,native,n,Jepson eflora &SEINet," Cypselae 10-16 mm; pappus scales of inner cypselae 8-12 mm. Disk and ray florets. Fruit: 10--15 mm, +- strigose; pappus of outer fruit 0 or of 3--8 scales of varying length; pappus of inner fruit of 4 scales 8--12 mm, and 4 shorter scales. ",achene,n,,,PD,genus
y,Palafoxia arida var. arida,,Palafoxia arida,PALARIA,PALARI,PAARA2,Asteraceae,forb,native,n,https://www.jstor.org/stable/pdf/23313609.pdf?casa_token=dLrWx7tC_tUAAAAA:5_ZAw74Im0Mrubh7JoAoDusz1_WWvO2FhpOOdCxajaT7r6lz5rVWs1ud31JRKgwAj0UIbKR2JlwJMPtMRVwF8cf8ZQUmc80es4TOAKCUD91FAVWJJAvMog,"achenes 10-15 mm long, linear, 4-sided, densely to sparsely appressed pubes
 cent; pappus scales 4-8 unequal, with pronounced mid-ribs,
 the innermost achenes normally with 4 linear, acute scales
 on the angles, 8-12 mm long, these alternating with 4, much
 shorter, abortive scales; outermost achenes with 3-8 sepa
 rate scales of varying lengths (often completely absent)",achene,y,,,PD,genus
y,Pectis papposa var. papposa,,Pectis papposa var. papposa,PECPAPP,PECPAP,PEPAP3,Asteraceae,forb,native,y,SEINet & Jepson eflora,Radiate head. Cypselae 2-4.5 mm; disc pappi 1-2.5 mm. Fruit: 2--4.5 mm; pappus of ray fruit a low crown; pappus of disk fruit +- 20 +- plumose bristles (rarely a crown).,achene,n,,,,
y,Perityle emoryi,,Perityle emoryi,PEREMO,PEREMO,PEEM,Asteraceae,forb,native,y,SEINet & Jepson eflora,"Cypselae suboblong, oblanceolate, or subcuneate, (1.5-)2-3 mm, margins thin (not calloused), long- or short-ciliate; Fruit: generally 2--3 mm; margins thin, ciliate; ray fruit faces generally +- puberulent; disk fruit faces generally glabrous; pappus scales well developed or vestigial, bristle 0 or 1, 1--2.5 mm.  ",achene,n,,,,
y,Rafinesquia californica,,Rafinesquia californica,RAFCAL,RAFCAL,RACA,Asteraceae,forb,native,n,SEINet & Jepson eflora,"Ligulate. Cypselae light tan or sordid, 9-14 mm, including very slender beaks 5-7 mm; pappi of 6-15, wholly plumose bristles, barbs straight, separate. Fruit: 9--12 mm (body 4--5 mm, beak 5--7 mm); pappus bristles 6--10 mm. ",achene,n,,,PD,
y,Rigiopappus leptocladus,,Rigiopappus leptocladus,RIGLEP,RIGLEP,RILE2,Asteraceae,forb,native,n,SEINet & Jepson eflora,"Radiate. Cypselae 4-5 mm Fruit: 4--5 mm, +- cylindric to spindle-shaped, barely or not compressed, minutely wrinkled, all minutely coarse-hairy or ray fruit +- glabrous in age; pappus generally of 3--5 awl-shaped scales, 1--4+ mm or in rays occasionally much reduced or 0, persistent.",achene,y,,,,
y,Senecio vulgaris,,Senecio vulgaris,SENVUL,SENVUL,SEVU,Asteraceae,forb,invasive,n,SEINet & Jepson eflora,"Cypselae usually sparsely hairy, sometimes nearly glabrous. Fruit: 2--2.5 mm, densely hairy. Discoid head so only disk flowers. ",achene,y,,,PD/ND,
y,Stephanomeria exigua,,Stephanomeria exigua,STEEXI,STEEXI,STEX,Asteraceae,forb,native,n,SEINet & Jepson eflora ,"Cypselae light tan to dark brown, 2.1-6.8 mm, faces smooth to tuberculate, grooved. Ligulate so only ligulate flowers. Fruit: 2.1--6.5 mm; faces smooth to tubercled, grooved; pappus bristles white to tan, variously plumose, generally widened at base, entire pappus generally persistent or only bristle base persistent.",achene,n,,,,
y,Stylocline micropoides,,Stylocline micropoides,STYMIC,STYMIC,STMI2,Asteraceae,forb,native,n,SEINet & Jepson eflora ,"Cypselae 1-1.4 mm, compressed. Only one kind of pistillate floret. Fruit: 1--1.4 mm, compressed laterally; disk pappus bristles 2--5(10), 1.1--2 mm. ",achene,n,,,PD,
y,Trichoptilium incisum,,Trichoptilium incisum,TRIINC,TRIINC,TRIN2,Asteraceae,forb,native,n,SEINet & Jepson eflora ,"Cypselae ca. 3 mm. Discoid or radiant so all one type of floret.  Fruit: 2--3 mm, obpyramidal, glabrous to densely strigose; pappus of 5 scales, each 3--5 mm, dissected into many bristles. ",achene,n,,,,
y,Uropappus lindleyi,Microseris lindleyi,Uropappus lindleyi,UROLIN,UROLIN,MILI5,Asteraceae,forb,native,n,SEINet & Jepson eflora ,"Cypselae 7-17 mm. pappi: scales 5-15 mm, apices notched 1-2 mm, bristles delicate, 4-6 mm. Ligulate. Fruit: 7--17 mm, slender-fusiform, tapered to beak-like tip in California, 10-ribbed, generally +- black, scabrous; pappus scales 5, 5--15 mm, deciduous, smooth, silvery, bristle-tip 4--6 mm, slender, smooth, from notched scale tip.",achene,y,,,PD,Microseris
y,Volutaria tubuliflora,,Volutaria tubuliflora,VOLTUB,VOLTUB,,Asteraceae,forb,invasive,n,Jepson eflora ,"*no info on seed Fruit: 3--3.5 mm, pale gray-brown, ascending-hairy, faces not pitted; pappus scales unequal, <= 3 mm, minutely fringed, outer < inner.",achene,n,,,,
y,Xanthisma gracile,Machaeranthera gracilis,Xanthisma gracile,XANGRA,XANGRA,MAGR10,Asteraceae,forb,native,n,SEINet,"Cypselae narrowly obovoid to oblanceoloid, 1.5-2.8 mm, nerves 24-28, faces sparsely whitish hairy; pappi whitish to tawny, 4-5 mm, bristles progressively longer adaxially. ",achene,n,,,ND,
y,Amsinckia intermedia,,Amsinckia intermedia,AMSINT,AMSINT,AMMEI2,Boraginaceae,forb,native,n,SEINet,"Fruits: Nutlets ovoid, incurved, dorsally keeled, scabrous-rugose, grayish, 1.5-3 mm long.",nutlet,y,,,PD,genus
y,Amsinckia menziesii,,Amsinckia menziesii,AMSMEN,AMSMEN,AMME,Boraginaceae,forb,native,n,Jepson eflora,"Fruit: 2--3.5 mm, +- sharp-tubercled, occasionally ridged. ",nutlet,y,,,PD,genus
y,Amsinckia tessellata,,Amsinckia tessellata,AMSTES,AMSTES,AMTE3,Boraginaceae,forb,native,n,Jepson eflora,"Fruit: 2.5--4 mm, gray, dull, cobblestone-like or round-tubercled, ridged or not. ",nutlet,y,,,PD,genus
y,Cryptantha angustifolia,,Cryptantha angustifolia,CRYANG,CRYANG,CRAN4,Boraginaceae,forb,native,n,Jepson eflora,"Fruit: nutlets (3)4, 0.9--1.2 mm (1 generally +- > others), lance-ovate, +- brown, pale-tubercled, margin generally rounded to occasionally +- sharp-angled, base +- rounded; abaxially rounded, generally dull, ridge 0; adaxially flat to +- rounded, +- shiny, attachment scar edges not raised, abutted near tip, narrow-gapped lower 1/2 to +- narrow-gapped entire length, narrow-flared-gapped at base; axis beyond nutlets.",nutlet,y,,,PD,genus
y,Cryptantha barbigera,,Cryptantha barbigera,CRYBAR,CRYBAR,CRBA5,Boraginaceae,forb,native,n,Jepson eflora,"Fruit: nutlets ovate to lance-ovate, dense-tubercled, +- brown, occasionally mottled, dull, margin +- rounded, base truncate, tip tapered to +- beaked; abaxially rounded, ridge 0; adaxially flat, attachment scar edges not raised, abutted entire length or variously gapped, triangular-flare-gapped at base; axis to nutlets or beyond.",nutlet,y,,,PD,genus
y,Cryptantha costata,,Cryptantha costata,CRYCOS,CRYCOS,CRCO15,Boraginaceae,forb,native,n,Jepson eflora,"Fruit: nutlets (3)4, 1.2--1.8(2) mm (1 +- > others), triangular or oblong-ovate, brown, shiny, margin occasionally sharp-angled or generally +- flat narrow rim, base wide-truncate; abaxially strongly convex, dome-like, minute-rippled, sparse-grainy to obscurely tubercled, ridge 0; adaxially smooth, flat to +- concave, attachment scar edges not raised, abutted near tip, gapped below, triangular-flare-gapped at base; axis beyond nutlets.",nutlet,y,,,PD,genus
n,Cryptantha hispidula,,Cryptantha hispidula,CRYHIS,CRYHIS,CRHI,Boraginaceae,forb,native,n,Jepson eflora,"Fruit: nutlet 1(2), 1.7--2.2 mm, lanceolate to ovate, generally mottled gray-brown, smooth, shiny, margin +- rounded, basally swollen, base +- truncate, tip +- abruptly long-beaked; abaxially rounded, ridge 0; adaxially low-rounded to biconvex, attachment scar edges +- abutted or occasionally +- gapped, short-forked-gapped at base; axis not to nutlet tip(s).",nutlet,y,,,PD,genus
y,Cryptantha intermedia,,Cryptantha intermedia,CRYINT,CRYINT,CRIN8,Boraginaceae,forb,native,n,Jepson eflora,"Fruit: nutlets 1--4, fine-grainy to low-tubercled (smooth), +- rough, generally dull, abaxially +- rounded, ridge 0.",nutlet,y,,,PD,genus
y,Cryptantha micrantha,,Cryptantha micrantha,CRYMIC,CRYMIC,CRMI,Boraginaceae,forb,native,n,Jepson eflora,"Fruit: nutlets (3)4, 1--1.3 mm, +- lanceolate, white-grainy to tubercled or smooth, +- shiny, margin rounded, base rounded; abaxially rounded, ridge 0; adaxially +- flat, attachment scar edges narrow-gapped entire length, +- flared at base; axis beyond nutlets.",nutlet,y,,,PD,genus
y,Cryptantha muricata,,Cryptantha muricata,CRYMUR,CRYMUR,CRMU2,Boraginaceae,forb,native,n,Jepson eflora,"Fruit: nutlets (2)3--4, occasionally mottled, base truncate; abaxially generally low-biconvex (low-rounded), ridge rounded (obscure); adaxially +- biconvex (+- flat), attachment scar edges not raised.",nutlet,y,,,PD,genus
y,Cryptantha nevadensis var. rigida,,Cryptantha nevadensis var. rigida,CRYNEVR,CRYNEV,CRNER,Boraginaceae,forb,native,n,Jepson eflora,"Fruit: (1.6)1.7--2.1(2.5) mm, lance-ovate, dense-sharp-papillate, dull to shiny, base rounded.",nutlet,y,,,PD,genus
y,Cryptantha pterocarya,,Cryptantha pterocarya,CRYPTE,CRYPTE,CRPT,Boraginaceae,forb,native,n,Jepson eflora,"Fruit: nutlets (3)4, 2--2.5 mm, lanceolate to lance-oblong, gray, +- brown, or mottled gray and brown, generally papillate to white-tubercled, dull to shiny, base truncate, tip +- elongate; abaxially low-rounded, spine 0; adaxially biconvex, occasionally smooth, attachment scar edges not raised, abutted toward tip, +- gapped lower 1/2 or abutted entire length, +- triangular-gapped at base; axis generally to nutlet tips.",nutlet,y,,,PD,genus
y,Emmenanthe penduliflora,,Emmenanthe penduliflora,EMMPEN,EMMPEN,EMPE,Boraginaceae,forb,native,n,Jepson eflora,"Fruit: capsule, 7--10 mm, 2--4 mm wide, glandular. Seed: 6--15, flat, wide-elliptic, brown; surface honeycombed. ",capsule,y,,,PD,
y,Emmenanthe penduliflora var. penduliflora,,Emmenanthe penduliflora,EMMPENP,EMMPEN,EMPEP,Boraginaceae,forb,native,n,Jepson eflora,"Fruit: capsule, 7--10 mm, 2--4 mm wide, glandular. Seed: 6--15, flat, wide-elliptic, brown; surface honeycombed.",capsule,y,,,PD,
y,Eucrypta chrysanthemifolia,,Eucrypta chrysanthemifolia,EUCCHR,EUCCHR,EUCH,Boraginaceae,forb,native,y,Jepson eflora,"Seed: 6--8, dark brown, of 2 kinds, elliptic or round, disk-like, smooth and oblong-ovoid, wrinkled.",capsule,y,,,,
y,Nemophila menziesii,,Nemophila menziesii,NEMMEN,NEMMEN,NEME,Boraginaceae,forb,native,n,Jepson eflora,"Seed: 4--20, brown to black, wrinkled, tubercled.",capsule,y,,,PD,
y,Pectocarya heterocarpa,,Pectocarya heterocarpa,PECHET,PECHET,PEHE,Boraginaceae,forb,native,y,Jepson eflora,"3 seed types: basal, winged, long; Fruit: nutlets 1.2--3 mm, oblanceolate to oblong; cauline paired, curved in 2 planes, 1 pair incurved, the other pair recurved, margins +- entire, narrow- to wide-membranous, to dentate. ",nutlet,y,,,PD,
y,Pectocarya penicillata,,Pectocarya penicillata,PECPEN,PECPEN,PEPE26,Boraginaceae,forb,native,n,SEINet & Jepson eflora,"Fruits: Nutlets all alike, oblong, divaricate, straight or very slightly inflexed at tip, .5-.8 mm broad, 1.6-2.5 mm long, cartilaginous margin upturned to incurved along length of body, unarmed on this portion, nearly entire, or undulate, rounded distal end bear Fruit: nutlets 1.6--2.4 mm, oblanceolate, straight, +- equal in width, bristled at tip to above +- middle; margins wavy, erect to incurved, not or +- dentate. ",nutlet,y,"nutlets are technically a dried hard ovary wall over the seed, i dont think this is separatable? ",,PD,genus
y,Pectocarya recurvata,,Pectocarya recurvata,PECREC,PECREC,PERE,Boraginaceae,forb,native,n,SEINet & Jepson eflora,"Fruits: Nutlets 4, together forming a cross-shape; each nutlet 2.5-4 mm long, linear, coiled to recurved, with a toothed margin inconspicuously differing in texture from the rest of the nutlet; margin teeth free to the base, narrow, the teeth clearly longer than.   Fruit: nutlets 2.5--4 mm, linear, coiled to recurved; margin teeth free +- to base, linear (or width at base < length).",nutlet,y,,,PD,
y,Phacelia brachyloba,,Phacelia brachyloba,PHABRA,PHABRA,PHBR,Boraginaceae,forb,native,n,Jepson eflora,"Fruit: 4--5 mm, ovoid, compressed, short-beaked, sparsely puberulent proximally, short-hairy distally. Seed: 10--25, 0.5--1 mm; cross-furrows 5--7. ",capsule,y,,,PD,genus
y,Phacelia calthifolia,,Phacelia calthifolia,PHACAL,PHACAL,PHCA2,Boraginaceae,forb,native,n,Jepson eflora,"Seed: 30--50, 1--1.5 mm; cross-furrows generally 5--8, shallow.",capsule,y,,,PD,genus
y,Phacelia cicutaria,,Phacelia cicutaria,PHACIC,PHACIC,PHCI,Boraginaceae,forb,native,n,Jepson eflora,"Seed: 2--4, 1.5--3 mm, pitted.",capsule,y,,,PD,genus
y,Phacelia cicutaria var. hispida,,Phacelia cicutaria,PHACICH,PHACIC,PHCIH2,Boraginaceae,forb,native,n,,assuming no bc above is no ,capsule,y,,,PD,genus
y,Phacelia crenulata,,Phacelia crenulata,PHACRE,PHACRE,PHCR,Boraginaceae,forb,native,n,Jepson eflora & SEINet,"Seed: generally 4, 2--3.5 mm; abaxial surface finely pitted; adaxial surface with central ridge separating 2 longitudinal grooves, ridge corrugated along 1 side. Fruits: Globose capsules, 3-4 mm long; containing 4 seeds, elliptic to oblong, 3-4 mm long, brown and pitted.",capsule,y,,,PD,genus
y,Phacelia davidsonii,,Phacelia davidsonii,PHADAV,PHADAV,PHDA3,Boraginaceae,forb,native,n,Jepson eflora ,"Seed: 7--15, 1--2 mm, pitted.",capsule,y,,,PD,genus
y,Phacelia distans,,Phacelia distans,PHADIS,PHADIS,PHDI,Boraginaceae,forb,native,n,Jepson eflora & SEINet,"Seed: 1--2(4), 2--3.1 mm, pitted. Fruits: Seeds 4 or fewer around 2 mm, red-brown, narrowly ovoid, pitted, the back convex, the ventral side angled and convex.",capsule,y,,,PD,genus
y,Phacelia fremontii,,Phacelia fremontii,PHAFRE,PHAFRE,PHFR2,Boraginaceae,forb,native,n,Jepson eflora ,"Seed: 10--18, 1--1.5 mm; cross-furrows 6--9.",capsule,y,,,PD,genus
y,Phacelia grandiflora,,Phacelia grandiflora,PHAGRA,PHAGRA,PHGR,Boraginaceae,forb,native,n,Jepson eflora ," Seed: (50)80--120(200), 0.75--1.5 mm, shallowly pitted.",capsule,y,,,PD,genus
y,Phacelia parryi,,Phacelia parryi,PHAPAR,PHAPAR,PHPA3,Boraginaceae,forb,native,n,SEINet,"Seeds 40-60, ± 1 mm, pitted, oblong to spheric, generally brownish ",capsule,y,,,PD,genus
y,Phacelia viscida,,Phacelia viscida,PHAVIS,PHAVIS,PHVI,Boraginaceae,forb,native,n,Jepson eflora ,"Seed: 40--200, <= 1 mm, shallowly pitted. ",capsule,y,,,PD,genus
y,Pholistoma auritum,,Pholistoma auritum,PHOAUR,PHOAUR,PHAU4,Boraginaceae,forb,native,n,Jepson eflora & SEINet,"*genus says:  Seed: 1--8, spheric, brown, pitted or honeycombed. species: Seed: 1--4. Fruits: Capsule 4-5 mm in diameter, hispid with subulate white hairs.",capsule,y,,,,
y,Plagiobothrys arizonicus,,Plagiobothrys arizonicus,PLAARI,PLAARI,PLAR,Boraginaceae,forb,native,n,Jepson eflora ," Fruit: nutlets generally 2, +- 2 mm, wide-ovate, arched, strongly attached; abaxial ridge, lateral ridges, cross-ribs narrow, interspaces wide; scar near middle, round. ",nutlet,y,,,,
y,Plagiobothrys nothofulvus,,Plagiobothrys nothofulvus,PLANOT,PLANOT,PLNO,Boraginaceae,forb,native,n,Jepson eflora ,"Fruit: nutlets generally 3, +- 2 mm, round-ovate, abruptly narrowed below acute tip, +- arched; abaxial ridge, lateral ridges, cross-ribs narrow; interspaces wide; scar near middle, round.",nutlet,y,,,,
y,Athysanus pusillus,,Athysanus pusillus,ATHPUS,ATHPUS,ATPU,Brassicaceae,forb,native,n,Jepson eflora,"Fruit: 2--2.5 mm wide, +- round, smaller hairs branched; style to 0.2 mm; pedicel (1.5)2--4(6) mm. Seed: to 1.2 mm. ",silicle (indehiscent),n,indehiscent fruit,,,
y,Brassica nigra,,Brassica nigra,BRANIG,BRANIG,BRNI,Brassicaceae,forb,invasive,n,SEINet,"Fruits erect-ascending (± appressed to rachis), smooth, ± 4-angled, 1-2.5(-2.7) cm × (1.5-) 2-3(-4) mm; valvular segment 2-5(-8)-seeded per locule, (0.4-)0.8-2(-2.5) cm, terminal segment seedless (linear, narrow), (1-)2-5(-6) mm. Seeds brown to black, 1.2-1.5(-2) mm diam.; seed coat coarsely reticulate, minutely alveolate, not mucilaginous when wetted. ",silique,y,dehiscent fruit,,PD,genus
y,Brassica tournefortii,,Brassica tournefortii,BRATOU,BRATOU,BRTO,Brassicaceae,forb,invasive,n,Jepson eflora,"Fruit: spreading to ascending, 3--7 cm, 2--4(5) mm wide, cylindric, narrowed between seeds; terminal segment 10--20 mm, 1(3)-seeded; pedicel spreading, 8--15 mm. Seed: 1--1.2 mm wide, spheric.",silique,y,dehiscent fruit,,PD,
y,Capsella bursa-pastoris,,Capsella bursa-pastoris,CAPBUR,CAPBUR,CABU2,Brassicaceae,forb,invasive,n,SEINet,"Fruits (0.3-)0.4-0.9(-1) cm × (2-)3-7(-9) mm, base cuneate, apex emarginate or truncate; valves each with subparallel lateral veins; style 0.2-0.7 mm. Seeds brown, 0.9-1.1 × 0.4-0.6 mm.",silicle (dehiscent),n,indehiscent fruit,,PD,
y,Caulanthus anceps,,Caulanthus anceps,CAUANC,CAUANC,CAAN25,Brassicaceae,forb,native,n,Jepson eflora,"Fruit: ascending to reflexed, 3--6.7 cm, 1.2--2 mm, straight; style 1--4 mm, stigma +- entire; pedicel reflexed or ascending, 3--10 mm. Seed: 40--54, 1.4--1.8 mm, oblong to ovoid.",silique,y,dehiscent fruit,,,
y,Caulanthus heterophyllus,,Caulanthus heterophyllus,CAUHET,CAUHET,CAHE11,Brassicaceae,forb,native,n,Jepson eflora,"Fruit: reflexed, 4.5--10 cm, 1--1.5 mm wide, flat parallel to septum or 4-sided; style 0.5--3.5 mm, stigma +- 2-lobed; pedicel reflexed, 2--8 mm. Seed: 56--82, 1.2--2 mm, oblong; cotyledons entire.",silique,y,dehiscent fruit,,,
y,Caulanthus lasiophyllus,,Caulanthus lasiophyllus,CAULAS,CAULAS,GULA4,Brassicaceae,forb,native,n,Jepson eflora,"Fruit: erect to reflexed, 2--4.8(5.7) cm, 0.7--1.2 mm wide, straight to outcurved; style 0.5--2 mm, stigma +- entire; pedicel strongly reflexed to spreading, (0.7)1--2.2(3) mm. Seed: 14--60, 0.9--1.5 mm, oblong. ",silique,y,dehiscent fruit,,,
y,Descurainia pinnata,,Descurainia pinnata,DESPIN,DESPIN,,Brassicaceae,forb,native,n,Jepson eflora,"Seed: 16--40, 0.6--0.9 mm, in 2 rows per chamber, oblong.",silicle (dehiscent),,,,PD,genus
y,Draba cuneifolia,,Draba cuneifolia,DRACUN,DRACUN,DRCU,Brassicaceae,forb,native,n,Jepson eflora,"Fruit: (3)6--12(16) mm, 1.7--2.7(3) mm wide, oblong to linear or broadly ovate, flat, not twisted, hairs simple or 2--4-rayed (glabrous); style to 0.4 mm. Seed: (12)24--66(72), 0.5--0.7 mm, ovoid.",silicle (dehiscent),y,dehiscent fruit,,PD,genus
y,Erysimum repandum,,Erysimum repandum,ERYREP,ERYREP,ERRE4,Brassicaceae,forb,invasive,n,Jepson eflora,"Fruit: (2)3--8(10) cm, 1.5--2 mm wide, 4-angled, +- constricted between seeds; valves outside with 2(3)-rayed hairs, inside glabrous or occasionally sparsely hairy, midvein distinct; style 1--4 mm; pedicel spreading, 2--4(6) mm, +- as wide as fruit. Seed: (40)50--80(90), 1--1.5 mm, oblong; wing 0 (tip winged).",silique,y,dehiscent fruit,,PD/ND,genus
y,Lepidium dictyotum,,Lepidium dictyotum,LEPDIC,LEPDIC,,Brassicaceae,forb,native,n,Jepson eflora,"Seed: 1.2--1.8 mm, ovate.",,,,,PD,genus
y,Lepidium lasiocarpum,,Lepidium lasiocarpum,LEPLAS,LEPLAS,LELA,Brassicaceae,forb,native,n,Jepson eflora,"Fruits: Capsules round to ovate, flat, 2-3 mm across, with notch at the tip; persistent style absent or present but inconspicuous, 0.1 mm long, much smaller than the notch where it sits; seeds brown, ovate, 2 mm long",silicle (indehiscent),y,dehiscent fruit,,PD,
y,Lepidium nitidum,,Lepidium nitidum,LEPNIT,LEPNIT,LENI,Brassicaceae,forb,native,n,Jepson eflora,"Fruit: (2.5)3--5.5(6.5) mm, (2)2.6--5(5.4) mm wide, round to broadly ovate, flat, tip winged, notch 0.3--0.7(1) mm; valves glabrous or margin sparsely puberulent, not or obscurely veined; style 0--0.1 mm, included in notch; pedicel spreading (+- erect), 2.5--5(6.5) mm, strongly flattened, puberulent or only adaxially. Seed: 1.6--2.6 mm, ovate.",silicle (dehiscent),n,,,PD,genus
y,Lesquerella gordonii,Physaria gordonii,Lesquerella gordonii,LESGOR,LESGOR,LEGO,Brassicaceae,forb,native,n,SEINet ,Seeds flattened.,silicle (dehiscent),y,dehiscent fruit,,PD,
y,Matthiola parviflora,,Matthiola parviflora,MATPAR,MATPAR,,Brassicaceae,forb,invasive,n,SEINet ,"*info about genus: Seeds flattened, narrowly winged or not winged, oblong, ovate, suborbicular, or orbicular; seed coat (minutely reticulate), not mucilaginous when wetted; cotyledons accumbent. x = 7.",silique,y,,,PD,genus
y,Sisymbrium altissimum,,Sisymbrium altissimum,SISALT,SISALT,SIAL2,Brassicaceae,forb,invasive,n,Jepson eflora ,"Seed: 90--120, 0.8--1 mm, oblong.",silique,y,dehiscent fruit,,PD,
y,Sisymbrium irio,,Sisymbrium irio,SISIRI,SISIRI,SIIR,Brassicaceae,forb,invasive,n,Jepson eflora ,"Seed: 40--90, 0.8--1 mm, oblong.",silique,y,dehiscent fruit,,PD,genus
y,Sisymbrium orientale,,Sisymbrium orientale,SISORI,SISORI,SIOR4,Brassicaceae,forb,invasive,n,Jepson eflora ,"Seed: (60)80--100(140), 1--1.5 mm, oblong. ",silique,y,dehiscent fruit,,PD,
y,Streptanthella longirostris,,Streptanthella longirostris,STRLON,STRLON,STLO4,Brassicaceae,forb,native,n,Jepson eflora &SEINet," Seed: (12)16--28(34), in 1 row, 2--3 mm, flat; wing 0.3--0.7 mm wide. Seeds light brown, 2-3 × 1-1.7(-2) mm; wing 0.3-0.7 mm wide. ",silique,y,dehiscent,,,
y,Streptanthus insignis,,Streptanthus insignis,STRINS,STRINS,STIN,Brassicaceae,forb,native,n,SEINet,"Seeds broadly oblong, 1.4-2 × 1-1.3 mm; wing 0.15-0.3 mm wide, continuous.",silique,y,dehiscent fruit,,PD,genus
y,Streptanthus polygaloides,,Streptanthus polygaloides,STRPOL,STRPOL,STPO2,Brassicaceae,forb,native,n,Jepson eflora ,"Seed: (10)18--50, 1.7--2 mm, oblong; wing 0.2--0.3 mm wide at tip.",silique,y,dehiscent fruit,,PD,genus
y,Thysanocarpus curvipes,,Thysanocarpus curvipes,THYCUR,THYCUR,THCU,Brassicaceae,forb,native,n,Jepson eflora ," Genus:  Seed: 1, elliptic to round, wingless. Genus and spp: Fruit: 3--6(9) mm wide, obovate to +- round, hairs 0 or 0.2--0.4 mm, club-shaped; wing flat or +- incurved toward over-seed convex side, entire, crenate, with spoon-shaped lobes, or perforated, rays 0.2--0.5 mm wide (0); proximal pedicels recurved in a continuous arc, 3--7(12) mm.",silicle (indehiscent),n,,,,
y,Tropidocarpum gracile,,Tropidocarpum gracile,TROGRA,TROGRA,,Brassicaceae,forb,native,n,Jepson eflora,"Seed: 30--70, 1.2--1.6 mm, oblong. ",silicle (dehiscent),,,,,
y,Nemacladus longiflorus var. breviflorus,Nemacladus breviflorus,Nemacladus longiflorus var. breviflorus,NEMLONB,NEMLON,NELOB,Campanulaceae,forb,native,n,Jepson eflora,"Seed: < 0.5 mm, +- round.",capsule,,,,,
y,Achyronychia cooperi,,Achyronychia cooperi,ACHCOO,ACHCOO,ACCO3,Caryophyllaceae,forb,native,n,Jepson eflora,"Seed: 1, +- 1 mm, ovoid, +- compressed, tan, red dot near narrow end.",utricle (dehiscent),y,fruit is dehiscent,Jepson eflora,,
y,Herniaria hirsuta,,Herniaria hirsuta,HERHIR,HERHIR,,Caryophyllaceae,forb,invasive,n,Jepson eflora,"Fruit: minutely papillate. Seed: +- compressed, smooth; margin with prominent rim.",capsule,,,,,
y,Minuartia douglasii,,Minuartia douglasii,MINDOU,MINDOU,MIDO3,Caryophyllaceae,forb,native,n,Jepson eflora,"Seed: 1.3--2 mm; margin thin, wing-like, red-brown.",capsule,y,,,,
y,Silene gallica,,Silene gallica,SILGAL,SILGAL,SIGA,Caryophyllaceae,forb,invasive,n,Jepson eflora ,"Seed: +- 1 mm, red-brown. ",capsule,,,,PD/ND,genus
y,Spergularia platensis,,Spergularia platensis,SPEPLA,SPEPLA,SPPL2,Caryophyllaceae,forb,invasive,n,Jepson eflora ,"Seed: 0.3--0.4 mm, light to dark or red-brown, wing 0; sculpture worm-like, papillae minute, cup-shaped.",capsule,,,,PD/ND,genus
n,Velezia rigida,,Velezia rigida,VELRIG,VELRIG,VERI,Caryophyllaceae,forb,invasive,n,Jepson eflora ,"Seed: in 1 row, 1.3--1.8 mm, ovate-oblong, with abrupt, rounded point; papillae fine, low",capsule,,,,,
y,Atriplex elegans var. fasciculata,,Atriplex elegans var. fasciculata,ATRELEF,ATRELE,ATELF,Chenopodiaceae,forb,native,n,SEINet,"Fruiting bracteoles sessile, samaralike, orbiculate, compressed, 3-4 mm, united to beyond middle, margin rather minutely and acutely toothed, teeth mainly 0.3- 0.5 mm. Seeds 1.5 mm.",utricle (indehiscent),,,,PD,genus
y,Chenopodium album,,Chenopodium album,CHEALB,CHEALB,CHAL7,Chenopodiaceae,forb,native,n,Jepson eflora,"Fruit: 1--1.5 mm diam; wall generally free, or free in age, generally papillate (smooth). Seed: horizontal, +- spheric or oval-lenticular, margin rounded; seed coat generally grooved, netted, occasionally smooth. ",utricle (indehiscent),y,perianth sometimes adherent to seed,,PD,
y,Chenopodium arizonicum,Chenopodium neomexicanum,Chenopodium neomexicanum,CHEARI,CHEARI,CHNEN,Chenopodiaceae,forb,native,n,http://www.sci.sdsu.edu/plants/chenopodium/C_arizonicum/,"seed horizontal, 1 mm. broad, black and shining, puncticulate, the margin obtuse.",utricle (indehiscent),y,perianth sometimes adherent to seed,,PD,genus
y,Chenopodium berlandieri,,Chenopodium berlandieri,CHEBER,CHEBER,CHBE4,Chenopodiaceae,forb,native,n,Jepson eflora,"Fruit: 1--1.5 mm diam; wall attached to seed, brown, honeycomb-pitted at 20×. Seed: horizontal; seed coat black, honeycomb-pitted.",utricle (indehiscent),y,perianth sometimes adherent to seed,,PD,genus
y,Chenopodium berlandieri var. sinuatum,,Chenopodium berlandieri,CHEBERS,CHEBER,CHBES,Chenopodiaceae,forb,native,n,Jepson eflora,Fruit: style base not yellow. Seed: 1--1.3 mm diam.,utricle (indehiscent),y,perianth sometimes adherent to seed,,PD,genus
y,Chenopodium berlandieri var. zschackei,,Chenopodium berlandieri,CHEBERZ,CHEBER,CHBEZ,Chenopodiaceae,forb,native,n,SEINet,"Fruit: one-seeded (achene or utricle), sometimes enclosed in the persistent, incurved sepals, light yellowish around style, depressed egg-shaped, thin-walled. Wall (pericarp) not closely fitting to the seed, honeycomb-like. Seed brown, 1 - 1.5 mm wide, round, round-margined, honeycomb-like.",utricle (indehiscent),y,perianth sometimes adherent to seed,,PD,genus
y,Chenopodium hians,,Chenopodium hians,CHEHIA,CHEHIA,CHHI,Chenopodiaceae,forb,native,n,Jepson eflora,"Fruit: 1--1.5 mm diam; fruit wall glandular-roughened, attached to seed. Seed: horizontal, widely conic, flat adaxially, margin round.",utricle (indehiscent),y,perianth sometimes adherent to seed,,PD,genus
y,Chenopodium incanum var. elatum,,Chenopodium incanum,CHEINCE,CHEINC,CHINE,Chenopodiaceae,forb,native,n,efloras.org,Seeds (1-)1.1-1.25 mm diam.,utricle (indehiscent),y,perianth sometimes adherent to seed,,PD,genus
y,Chenopodium incanum var. occidentale,,Chenopodium incanum,CHEINCO,CHEINC,CHINO,Chenopodiaceae,forb,native,n,Jespon eflora," Fruit: 1--1.2 mm diam; wall free from seed. Seed: horizontal, black, margin obtuse in ×-section.",utricle (indehiscent),y,perianth sometimes adherent to seed,,PD,genus
y,Chenopodium murale,,Chenopodium murale,CHEMUR,CHEMUR,CHMU2,Chenopodiaceae,forb,invasive,n,Jepson eflora,"Fruit: 1--1.5 mm diam; wall attached to seed, scale-like. Seed: horizontal, 1--1.5 mm, not pitted, margin sharply angled.",utricle (indehiscent),n,,,PD,genus
y,Chenopodium neomexicanum,,Chenopodium neomexicanum,CHENEO,CHENEO,CHNE3,Chenopodiaceae,forb,native,n,SEINet,"Achenes ovoid; pericarp adherent, black, honeycombed. Seeds lenticular or round, 1-1.3 mm diam., margins acute; seed coat coarsely honeycombed.",utricle (indehiscent),y,perianth sometimes adherent to seed,,PD,genus
y,Chenopodium watsonii,,Chenopodium watsonii,CHEWAT,CHEWAT,CHWA,Chenopodiaceae,forb,native,n,SEINet,"Fruit: 1--1.3 mm diam, wall attached to seed, +- white, deeply pitted. Seed: horizontal. ",utricle (indehiscent),y,perianth sometimes adherent to seed,,PD,genus
n,Dysphania ambrosioides,,Dysphania ambrosioides,DYSAMB,DYSAMB,DYAM,Chenopodiaceae,forb,invasive,n,Jepson eflora,"Fruit: +- 0.5 mm diam; wall free from seed, glandular. Seed: vertical and horizontal, ovoid, +- red-brown, smooth.",achene,y,,,,
y,Convolvulus equitans,,Convolvulus equitans,CONEQU,CONEQU,COEQ,Convolvulaceae,forb,native,n,SEINet,"Fruit: FRUITS capsular, 4-valved, mostly brown, chartaceous, globose, 7-8 mm wide, glabrous. SEEDS 1-4, 4-4.5 mm long, black, granulate, glabrous",capsule,y,capsules generally dehiscent,,PY,genus
y,Cucurbita palmata,Cucurbita californica,Cucurbita palmata,CUCPAL,CUCPAL,CUPA,Cucurbitaceae,forb,native,n,Jepson eflora,"Fruit: 8--9 cm wide, spheric, dull green, mottled, with obscure, +- white stripes. Seed: 10--14 mm, white.",berry,n,,,,
y,Euphorbia crenulata,,Euphorbia crenulata,EUPCRE,EUPCRE,EUCR2,Euphorbiaceae,forb,native,n,Jepson eflora,"Fruit: 3--3.5 mm, oblong, lobed. Seed: 2--2.5 mm, oblong-ellipsoid, +- round (in ×-section), surface net-like; knob present.",capsule,,,,PD/ND,genus
y,Acmispon americanus,Lotus purshianus,Acmispon americanus,ACMAME,ACMAME,LOUNU,Fabaceae,forb,native,n,Jepson eflora,Seed: 3--8.,legume (dehiscent),y,dehiscent fruit,,PY,
y,Acmispon maritimus var. brevivexillus,Lotus salsuginosus var. brevivexillus,Acmispon maritimus var. brevivexillus,ACMMARB,ACMMAR,LOSAB,Fabaceae,forb,native,n,Jepson eflora,"Fruit: dehiscent, ascending, exserted, generally 1.5--3 cm, narrowly oblong, often curved, flat, occasionally with small horn-like processes; beak hooked, 0.5--1.5 mm. Seed: 5--9	",legume (dehiscent),y,dehiscent fruit,,PY,
y,Acmispon strigosus,Lotus strigosus,Acmispon strigosus,ACMSTR,ACMSTR,LOST4,Fabaceae,forb,native,n,Jepson eflora,"Fruit: dehiscent, erect or spreading, 1--3.5 cm, linear, generally curved near tip, generally flat, margin not wavy; beak curved, 0.5--1.5 mm. Seed: 5--10.",legume (dehiscent),y,dehiscent fruit,,PY,
y,Acmispon wrangelianus,Lotus wrangelianus,Acmispon wrangelianus,ACMWRA,ACMWRA,LOWR2,Fabaceae,forb,native,n,Jepson eflora,"Fruit: dehiscent, erect or spreading, exserted, 10--18 mm, generally 2.2--3 mm wide, oblong, straight, generally flat; beak curved, 0.5--1.5 mm. Seed: 3--7.",legume (dehiscent),y,dehiscent fruit,,PY,genus
y,Astragalus didymocarpus,,Astragalus didymocarpus,ASTDID,ASTDID,,Fabaceae,forb,native,n,Jepson eflora,"*genus only:  Seed: 2--many, smooth, compressed, +- notched at attachment scar.",legume (dehiscent),,,,PY,genus
y,Astragalus didymocarpus var. dispermus,,Astragalus didymocarpus,ASTDIDD,ASTDID,ASDID,Fabaceae,forb,native,n,,no info found in Jepson or SEINet.,legume (dehiscent),,,,PY,genus
y,Astragalus gambelianus,,Astragalus gambelianus,ASTGAM,ASTGAM,ASGA,Fabaceae,forb,native,n,Jepson eflora,"Fruit: reflexed, 2.8--4.2 mm, 2.4--3.6 mm wide, ovate or +- round in top view, +- wrinkled on edges, minutely hairy; chambers +- 2. ",legume (dehiscent),n,,,PY,genus
y,Lupinus bicolor,,Lupinus bicolor,LUPBIC,LUPBIC,LUBI,Fabaceae,forb,native,n,Jepson eflora,"Fruit: 1--3 cm, generally 3--6 mm wide, hairy. Seed: 5--8.",legume (dehiscent),y,,,PY,
y,Lupinus hirsutissimus,,Lupinus hirsutissimus,LUPHIR,LUPHIR,LUHI3,Fabaceae,forb,native,n,Jepson eflora,"Fruit: 2--4 cm, +- 8 mm wide, coarsely hairy. Seed: 3--6.",legume (dehiscent),y,,,PY,
y,Lupinus kingii,,Lupinus kingii,LUPKIN,LUPKIN,LUKI,Fabaceae,forb,native,n,Jepson eflora,"Lupinus: Fruit: dehiscent, generally oblong. Seed: 2--12, generally smooth.",legume (dehiscent),y,,,PY,genus
y,Lupinus microcarpus,,Lupinus microcarpus,LUPMIC,LUPMIC,LUSUS,Fabaceae,forb,native,n,Jepson eflora,"Fruit: erect to spreading, often on 1 side of inflorescence, 1--1.5 cm, +- 10 mm wide, ovate, hairy. Seed: 2, tan to brown, generally mottled, wrinkled or smooth.",legume (dehiscent),y,,,PY,genus
y,Lupinus microcarpus var. horizontalis,,Lupinus microcarpus,LUPMICH,LUPMIC,LUHOH,Fabaceae,forb,native,n,Jepson eflora,"Lupinus microcarpus: Fruit: erect to spreading, often on 1 side of inflorescence, 1--1.5 cm, +- 10 mm wide, ovate, hairy. Seed: 2, tan to brown, generally mottled, wrinkled or smooth.",legume (dehiscent),y,,,PY,genus
y,Lupinus microcarpus var. microcarpus,,Lupinus microcarpus,LUPMICM,LUPMIC,LUSUS,Fabaceae,forb,native,n,Jepson eflora,"Fruit: generally +- erect, generally on > 1 side of axis.",legume (dehiscent),y,,,PY,genus
y,Lupinus sparsiflorus,,Lupinus sparsiflorus,LUPSPA,LUPSPA,LUSP2,Fabaceae,forb,native,n,Jepson eflora,"Fruit: 1--2.5 cm, 4--5 mm wide, coarsely hairy. Seed: 4--5.",legume (dehiscent),y,,,PY,genus
y,Lupinus succulentus,,Lupinus succulentus,LUPSUC,LUPSUC,LUSU3,Fabaceae,forb,native,n,Jepson eflora,"Fruit: 3.5--5 cm, 8--10 mm wide, coarsely hairy to tomentose. Seed: 6--9.",legume (dehiscent),y,,,PY,
y,Medicago polymorpha,,Medicago polymorpha,MEDPOL,MEDPOL,MEPO3,Fabaceae,forb,invasive,n,Jepson eflora & SEINet,"Fruit: a loose spiral, coiled 2--6 turns, ovate to short-cylindric; gray to black, generally prickly, hairs 0. Seed: several.  Fruits: Pods to 1 cm in diameter, tightly coiled into 2-3 spirals, reticulate on sides, margins keeled and keel armed on each side by a row of curved or hooked prickles 2-3 mm long. ",legume (indehiscent),n,,,PY,
n,Medicago sativa ssp. sativa,,Medicago sativa ssp. sativa,MEDSATS,MEDSAT,MESAS,Fabaceae,forb,invasive,n,SEINet,"Fruits: Pods spirally coiled, glabrous, indehiscent. Seeds several. ",legume (indehiscent),n,,,PY,
y,Melilotus indicus,,Melilotus indicus,MELIND,MELIND,MEIN2,Fabaceae,forb,invasive,n,Jepson eflora,"Seed: 1. Fruit: 2--3 mm, bumpy or with faint lines. ",legume (indehiscent),y,,,PY,
n,Phaseolus acutifolius,,Phaseolus acutifolius,PHAACU,PHAACU,PHAC,Fabaceae,forb,native,n,SEINet,"*info on genus: Seed: 1--20, oblong to reniform or rarely discoid. no info on seed for species. Species Fruits: Slightly falcate, 3-5 mm wide, 4-6 cm long, strongly compressed, sparsely to moderately but finely puberulent, attenuate at apex, distinctly reticulate-venose. ",legume (dehiscent),n,indehiscent legume,,PY,genus
n,Phaseolus acutifolius var. acutifolius,,Phaseolus acutifolius,PHAACUA,PHAACU,PHACA2,Fabaceae,forb,native,n,SEINet,"*info on genus: Seed: 1--20, oblong to reniform or rarely discoid. no info on seed for species. Species Fruits: Slightly falcate, 3-5 mm wide, 4-6 cm long, strongly compressed, sparsely to moderately but finely puberulent, attenuate at apex, distinctly reticulate-venose.",legume (dehiscent),n,indehiscent legume,,PY,genus
y,Phaseolus acutifolius var. tenuifolius,,Phaseolus acutifolius,PHAACUT,PHAACU,PHACT,Fabaceae,forb,native,n,SEINet,"*info on genus: Seed: 1--20, oblong to reniform or rarely discoid no info on seed for species. Species Fruits: Slightly falcate, 3-5 mm wide, 4-6 cm long, strongly compressed, sparsely to moderately but finely puberulent, attenuate at apex, distinctly reticulate-venose.",legume (dehiscent),n,indehiscent legume,,PY,genus
y,Sesbania herbacea,,Sesbania herbacea,SESHER,SESHER,SEHE8,Fabaceae,forb,native,n,Jepson eflora ,"*no info on seed. Fruit: 15--20 cm, linear.",legume (dehiscent),y,slowly dehiscent,,PY,genus
y,Trifolium albopurpureum,,Trifolium albopurpureum,TRIALB,TRIALB,TRAL5,Fabaceae,forb,native,n,SEINet,"Fruit: legume, generally indehiscent, but often breaking, short, plump, generally included in corolla; base often stalk-like; Seeds 1-2 ",legume (indehiscent),n,,,PY,genus
y,Trifolium depauperatum,,Trifolium depauperatum,TRIDEP,TRIDEP,,Fabaceae,forb,native,n,Jepson eflora,Fruit: stalk-like base 0 to short; style generally persistent,legume (dehiscent),,,,PY,genus
y,Trifolium fucatum,,Trifolium fucatum,TRIFUC,TRIFUC,TRFU,Fabaceae,forb,native,n,Jepson eflora ,Fruit: 5--10 mm; stalk-like base 0.5--2 mm. Seed: 2--4. ,legume (indehiscent),n,,,PY,genus
y,Trifolium gracilentum,,Trifolium gracilentum,TRIGRA,TRIGRA,TRGR2,Fabaceae,forb,native,n,SEINet,"Fruit: legume, indehiscent, but often breaking, short, plump, 4-6 mm, > petals; Seeds 1-2",legume (indehiscent),n,,,PY,genus
y,Trifolium hirtum,,Trifolium hirtum,TRIHIR,TRIHIR,TRHI4,Fabaceae,forb,invasive,n,Jepson eflora ,Seed: 1.,legume (indehiscent),n,,,PY,
y,Trifolium microcephalum,,Trifolium microcephalum,TRIMIC,TRIMIC,TRMI4,Fabaceae,forb,native,n,SEINet,"Fruit: legume, short, plump, rupturing corolla; Seeds 1-2",legume (indehiscent),n,,,PY,genus
y,Trifolium willdenovii,Trifolium tridentatum,Trifolium willdenovii,TRIWIL,TRIWIL,TRWI3,Fabaceae,forb,native,n,Jepson eflora ,Seed: 1--2.,legume (indehiscent),n,,,PY,genus
y,Vicia villosa,,Vicia villosa,VICVIL,VICVIL,VIVI,Fabaceae,forb,invasive,n,Jepson eflora ,"*no info on seed Fruit: 1.5--4 cm, 6--10 mm wide, widely oblong or elliptic; stalk-like base 2--3 mm.",legume (dehiscent),y,,,PY,
y,Zeltnera trichantha,Centaurium trichanthum,Zeltnera trichantha,ZELTRI,ZELTRI,CETR2,Gentianaceae,forb,native,n,https://onlinelibrary.wiley.com/doi/pdf/10.2307/4135447?casa_token=mCWYqDGUragAAAAA:rXQL-O6tsbhZ6aieGpLVKDpvBzfeZZHdj3fr-9KvqvQvgC4_aaL_sjgXt6X2nX3aD1BbLrMsvM_MaspR,"Seeds numerous, 200–700 per capsule, the main axis 0.15–0.70 mm long; seed shape pyramidal to nearly oblate; seed coat reddish to yellowish-brown or blackish, reticulate, with papillae in lacunae.",capsule,n,,,PD,genus
y,Erodium botrys,,Erodium botrys,EROBOT,EROBOT,ERBO,Geraniaceae,forb,invasive,n,Jepson eflora,"Fruit: body 8--11 mm, pits 0 or transversely narrow and inconspicuous, subtended by (2)3--4 glabrous ridges; style column 5--12 cm.",mericarp,n,,,PY,
y,Erodium cicutarium,,Erodium cicutarium,EROCIC,EROCIC,ERCI6,Geraniaceae,forb,invasive,n,Jepson eflora,"Fruit: body 4--7 mm, pits +- round, glabrous, subtended by 1--2 glabrous ridges; style column 2--5 cm.",mericarp,n,,,PY,
y,Erodium texanum,,Erodium texanum,EROTEX,EROTEX,ERTE13,Geraniaceae,forb,native,n,Jepson eflora,"Fruit: body 5--8 mm, pits inconspicuous or 0, without glands, subtended by 2 glabrous ridges; style column 3--7 cm",mericarp,n,,,PY,genus
y,Geranium dissectum,,Geranium dissectum,GERDIS,GERDIS,GEDI,Geraniaceae,forb,invasive,n,Jepson eflora,"Fruit: mericarp 2.3--2.9 mm, smooth, minutely bristly, base with prong, callus 0; beak 11.1--13.5 mm, narrow tip 1.6--2.7 mm; stigmas 0.6--1 mm. Seed: deeply pitted.",mericarp,,,,PY,
y,Eucrypta micrantha,,Eucrypta micrantha,EUCMIC,EUCMIC,EUMI2,Hydrophyllaceae,forb,native,n,Jepson eflora,"Fruit: 2--3 mm wide. Seed: 7--15, oblong, in age incurved, worm-like, black or dark-brown, wrinkled.",capsule,,,,,
y,Monarda citriodora var. austromontana,,Monarda citriodora var. austromontana,MONCITA,MONCIT,MOCIA,Lamiaceae,forb,native,n,SEINet,"*Info on species not variation. NUTLETS ovoid, smooth to somewhat reticulate ",nutlet,y,fruit nutlet,,PD,genus
y,Monardella breweri ssp. lanceolata,Monardella lanceolata var. lanceolata,Monardella breweri ssp. lanceolata,MONBREL,MONBRE,MOLAL,Lamiaceae,forb,native,n,,no info ,nutlet,y,nutlets,,,
y,Salvia carduacea,,Salvia carduacea,SALCAR,SALCAR,SACA8,Lamiaceae,forb,native,n,Jepson eflora ,"*no info on seed. Fruit: 2.5 mm, tan to gray, flecked. ",nutlet,y,,,PD/ND,genus
y,Salvia columbariae,,Salvia columbariae,SALCOL,SALCOL,SACO6,Lamiaceae,forb,native,n,SEINet & Jepson eflora,"Nutlets 2-2.22 mm long. Fruit: 1.5--2 mm, tan to gray.",nutlet,y,,,PD,
y,Trichostema austromontanum ssp. austromontanum,,Trichostema austromontanum ssp. austromontanum,TRIAUSA,TRIAUS,TRAUA2,Lamiaceae,forb,native,n,Jepson eflora,"Genus: Fruit: nutlets 4, joined in basal +- 1/3, puberulent to hairy, irregularly ridged.",nutlet,y,,,ND,genus
y,Trichostema lanceolatum,,Trichostema lanceolatum,TRILAN,TRILAN,TRLA4,Lamiaceae,forb,native,n,Jepson eflora,"Genus: Fruit: nutlets 4, joined in basal +- 1/3, puberulent to hairy, irregularly ridged.",nutlet,y,,,ND,genus
y,Mentzelia albicaulis,,Mentzelia albicaulis,MENALB,MENALB,MEAL6,Loasaceae,forb,native,n,Jepson eflora,"Seed: 1--1.5 mm, irregular-rounded to -angular above mid-fruit, ×-section occasionally triangular with grooves along longitudinal edges below mid-fruit; tan, dark-mottled, to black; seed coat cells pointed or domed, in age > 1/2 tall as wide on seed surface edges. ",capsule,y,capsules are generally dehiscent,,PD,genus
y,Mentzelia involucrata,,Mentzelia involucrata,MENINV,MENINV,MEIN5,Loasaceae,forb,native,n,Jepson eflora,"Seed: 2--3 mm, 2--2.5 mm wide, +- compressed, middle transverse-ridged, beaked, ashy-white. ",capsule,y,capsules are generally dehiscent,,PD,genus
y,Mentzelia micrantha,,Mentzelia micrantha,MENMIC,MENMIC,MEMI3,Loasaceae,forb,native,n,Jepson eflora,"Seed: 5--10, 1.5--2.5 mm, +- 1 mm wide, +- prism-shaped, ×-section triangular, longitudinal edges grooved, tan and dark-mottled to black; seed coat cells minute. ",capsule,y,capsules are generally dehiscent,,PD,genus
y,Anoda pentaschista,,Anoda pentaschista,ANOPEN,ANOPEN,ANPE4,Malvaceae,forb,native,n,Jepson eflora and SEINet,"Fruit: puberulent. (Jepson) Fruit: FRUITS a schizocarp, oblate, puberulent; mericarps 5-8, dorsally spurred; SEEDS ca. 2 mm long, endocarp not developed (SEINet)",mericarp,n,,,PY,genus
n,Gossypium hirsutum,,Gossypium hirsutum,GOSHIR,GOSHIR,GOHI,Malvaceae,forb,invasive,n,Jepson eflora,"Fruit: 2--4 cm, widely ovoid to +- spheric, 3--5-celled, glabrous. Seed: several per chamber, 8--10 mm, +- hidden by long hairs.",mericarp,n,,,PY,genus
y,Malva parviflora,,Malva parviflora,MALPAR,MALPAR,MAPA5,Malvaceae,forb,invasive,n,efloras.org & Jepson eflora,"Seeds 1.5–2 mm. Fruit: 6--7 mm diam; segments +- 10--11, glabrous to hairy, wrinkled, net-veined-pitted, ribbed on back, outer edges thin-winged, toothed. ",mericarp,n,,,PY,
y,Sidalcea diploscypha,,Sidalcea diploscypha,SIDDIP,SIDDIP,SIDI,Malvaceae,forb,native,n,Jepson eflora ,"One seed for genus. ""Seed: 1, generally filling chamber, reniform, glabrous."" Fruit: segment +- 2.5 mm, glabrous, occasionally +- pink when fresh, back net-veined, beak 0.",mericarp,n,,,PY,genus
y,Calandrinia menziesii,Calandrinia ciliata,Calandrinia menziesii,CALMEN,CALMEN,CACI2,Montiaceae,forb,native,n,Jepson eflora,"Seed: 10--20, 1--2.5 mm wide, elliptic.",capsule,y,,,,
y,Calyptridium monandrum,,Calyptridium monandrum,CALMON,CALMON,CIMO4,Montiaceae,forb,native,n,Jepson eflora,"Fruit: 3--6 mm, oblong to linear, in width generally +- > seed. Seed: 4--10, 0.5--0.8 mm. ",capsule,y,"fruit: capsule, circumscissile or 2--3-valved",jepson eflora,,
y,Claytonia parviflora ssp. parviflora,,Claytonia parviflora,CLAPARP,CLAPAR,CLPAP,Montiaceae,forb,native,n,Jepson eflora,Seed: 1.2--2.3 mm. ,capsule,y,"fruit: capsule, circumscissile or 2--3-valved",jepson eflora,PD,genus
y,Claytonia parviflora ssp. viridis,,Claytonia parviflora,CLAPARV,CLAPAR,CLPAV,Montiaceae,forb,native,n,Jepson eflora,Seed: 1.2--1.5 mm.,capsule,y,"fruit: capsule, circumscissile or 2--3-valved",jepson eflora,PD,genus
y,Claytonia perfoliata,,Claytonia perfoliata,CLAPER,CLAPER,CLPE,Montiaceae,forb,native,n,Jepson eflora,"Fruit: 1.5--4 mm. Seed: 1.2--2.7 mm, ovate to round, shiny, smooth.",capsule,y,"fruit: capsule, circumscissile or 2--3-valved",jepson eflora,PD,
y,Abronia villosa,,Abronia villosa,ABRVIL,ABRVIL,ABVI,Nyctaginaceae,forb,native,n,Jepson eflora,"Fruit: 5--10 mm, body with prominent raised veins, top with hardened beak (base of floral tube); wings 3--5, thin, rounded or angled, or 0.",anthocarp,n,winged indehiscent fruit,,PD,
y,Boerhavia erecta,,Boerhavia erecta,BOEERE,BOEERE,BOER,Nyctaginaceae,forb,native,n,SEINet,"Fruits 1-11 per cluster, pale greenish to straw colored or tan, narrowly obconic, (2.7-)3-3.5[-4] × 1.2-1.5 mm (l/w: (2-)2.3-3.2), apex truncate or broadly low conic, glabrous; ribs 5, acute, slightly rugose adjacent to sulci; sulci 0.5-1 times as wide as base of ribs, slightly to prominently coarsely transverse rugose, not papillate.",anthocarp,,,,PD,genus
y,Boerhavia triquetra var. intermedia,Boerhavia intermedia,Boerhavia triquetra var. intermedia,BOETRII,BOETRI,BOIN,Nyctaginaceae,forb,native,n,Jepson eflora,"Fruit: 2--2.7 mm, glabrous, length 3 × width; ribs (3)5, rounded to angled; tip +- truncate to abruptly rounded.",anthocarp,,,,PD,genus
y,Camissonia campestris,,Camissonia campestris,CAMCAM,CAMCAM,,Onagraceae,forb,native,n,Jepson eflora," Seed: 0.8--1.6 mm. Genus: Seed: in 1 row per chamber, narrowly obovoid, smooth (minutely pitted), glossy.",capsule,,,,PD,genus
y,Camissoniopsis ignota,Camissonia ignota,Camissoniopsis ignota,CAMIGN,CAMIGN,CAIG2,Onagraceae,forb,native,n,Jepson eflora,"Fruit: generally 20--30 mm, 0.8--1 mm wide, cylindric, drying 4-angled, < 5-coiled. Seed: +- 1.2 mm.",capsule,y,generally dehiscent,,PD,genus
y,Camissoniopsis pallida,Camissonia pallida,Camissoniopsis pallida,CAMPAL,CAMPAL,CAPA36,Onagraceae,forb,native,n,Jepson eflora,"Fruit: 10--25 mm, 1.1--1.2 mm wide, +- 4-angled, straight to 3-coiled. Seed: 1--1.5 mm. ",capsule,y,generally dehiscent,,PD,genus
y,Chylismia brevipes,Camissonia brevipes,Chylismia brevipes,CHYBRE,CHYBRE,CABR23,Onagraceae,forb,native,n,Jepson eflora ,"Fruit: 18--92 mm, ascending to spreading, cylindric, straight or curved; pedicel 2--20 mm. Seed: 1--1.5 mm.",capsule,y,generally dehiscent,https://ucjeps.berkeley.edu/eflora/eflora_keys.php?key=208,PD,genus
y,Chylismia cardiophylla,Camissonia cardiophylla,Chylismia cardiophylla,CHYCAR,CHYCAR,CACA34,Onagraceae,forb,native,n,Jepson eflora,"Fruit: 20--55 mm, ascending, cylindric, +- straight; pedicel 1--18 mm. Seed: 0.5--0.7 mm. ",capsule,y,generally dehiscent,https://ucjeps.berkeley.edu/eflora/eflora_keys.php?key=208,PD,genus
y,Chylismia claviformis,Camissonia claviformis,Chylismia claviformis,CHYCLA,CHYCLA,CACL4,Onagraceae,forb,native,n,Jepson eflora,"Fruit: ascending or spreading, 8--38 mm, wider to tip, straight or curved; pedicel 4--40 mm. Seed: 0.6--1.5 mm.",capsule,y,generally dehiscent,https://ucjeps.berkeley.edu/eflora/eflora_keys.php?key=209,PD,genus
y,Chylismia claviformis ssp. claviformis,Camissonia claviformis ssp. claviformis,Chylismia claviformis,CHYCLAC,CHYCLA,CACLC3,Onagraceae,forb,native,n,Jepson eflora,0.6--1.5 mm (info for main species),capsule,y,generally dehiscent,https://ucjeps.berkeley.edu/eflora/eflora_keys.php?key=210,PD,genus
y,Chylismia claviformis ssp. funerea,Camissonia claviformis ssp. funerea,Chylismia claviformis,CHYCLAF,CHYCLA,CACLF,Onagraceae,forb,native,n,Jepson eflora,0.6--1.5 mm (info for main species),capsule,y,generally dehiscent,https://ucjeps.berkeley.edu/eflora/eflora_keys.php?key=211,PD,genus
y,Clarkia dudleyana,,Clarkia dudleyana,CLADUD,CLADUD,CLDU,Onagraceae,forb,native,n,Jepson eflora,"Genus: generally many, rarely 1--2, 0.5--2 mm, angled, crested or not, brown, gray, or mottled",capsule,y,,,PD,genus
y,Clarkia epilobioides,,Clarkia epilobioides,CLAEPI,CLAEPI,CLEP,Onagraceae,forb,native,n,SEINet,"Fruits: Linear capsule, 1-1.5 mm in diameter, 1.5-3 cm long, sparsely strigollose to glabrate at maturity. ",capsule,y,,,PD,genus
y,Clarkia gracilis,,Clarkia gracilis,CLAGRA,CLAGRA,CLGR,Onagraceae,forb,native,n,Jepson eflora,"Fruit: 2.5--5 cm, generally wider distally; beak slender, < 10 mm.",capsule,y,,,PD,genus
y,Clarkia purpurea,,Clarkia purpurea,CLAPUR,CLAPUR,CLPU2,Onagraceae,forb,native,n,Jepson eflora, Fruit: 1--3 cm; beak 0--2 mm.,capsule,y,,,PD,genus
y,Clarkia unguiculata,,Clarkia unguiculata,CLAUNG,CLAUNG,CLUN,Onagraceae,forb,native,n,Jepson eflora,"genus: generally many, rarely 1--2, 0.5--2 mm, angled, crested or not, brown, gray, or mottled",capsule,y,,,PD,genus
y,Epilobium brachycarpum,,Epilobium brachycarpum,EPIBRA,EPIBRA,EPBR3,Onagraceae,forb,native,n,Jepson eflora,"Fruit: 15--32 mm, glabrous or glandular; pedicel 1--17 mm. Seed: 1.5--2.7 mm, papillate, hair-tuft readily deciduous.",capsule,y,generally dehiscent,https://ucjeps.berkeley.edu/eflora/eflora_keys.php?key=211,PD/ND,genus
y,Eremothera boothii,Camissonia boothii,Eremothera boothii,EREBOO,EREBOO,CABO7,Onagraceae,forb,native,y,Jepson eflora,"Seed: 1.4--2.1 mm, generally of 2 kinds, minutely pitted in rows, pale brown and coarsely papillate, dark brown.",capsule,y,generally dehiscent,,PD,genus
y,Eulobus californicus,,Eulobus californicus,EULCAL,EULCAL,CACA32,Onagraceae,forb,native,n,Jepson eflora,"Fruit: reflexed, 45--110 mm, cylindric early, drying 4-angled, +- straight. Seed: 1.3--1.6 mm, olive-green, purple-spotted",capsule,y,generally dehiscent,,,
y,Castilleja attenuata,,Castilleja attenuata,CASATT,CASATT,CAAT25,Orobanchaceae,forb,native,n,Jepson eflora,"Fruit: 7--11 mm. Seed: < 1 mm; coat shallowly netted, loose-fitting. ",capsule,,,,PD,genus
y,Castilleja exserta,,Castilleja exserta,CASEXS,CASEXS,CAEX14,Orobanchaceae,forb,native,n,Jepson eflora,"Fruit: 10--15 mm. Seed: 1--2 mm; coat deeply netted, loose-fitting.",capsule,,,,PD,genus
y,Cordylanthus nevinii,,Cordylanthus nevinii,CORNEV,CORNEV,CONE,Orobanchaceae,forb,native,n,Jepson eflora,"Seed: 2 mm, finely wavy-striate, dark brown. ",capsule,,,,PD,genus
y,Cordylanthus rigidus ssp. setiger,Cordylanthus filifolius,Cordylanthus rigidus ssp. setiger,CORRIGS,CORRIG,CORIR,Orobanchaceae,forb,native,n,Jepson eflora,"Seed: 1.5--2 mm, +- ovoid, wavy-striate, dark brown.",capsule,,,,PD,genus
y,Argemone munita,,Argemone munita,ARGMUN,ARGMUN,ARMU,Papaveraceae,forb,native,n,SEINet,"Capsules ovoid, ellipsoid, or lanceoloid, 35-55 × 9-15(-18) mm (including stigma and excluding prickles), prickly, longest prickles to 10 mm, widely spaced, or shorter, more numerous, and interspersed with still shorter prickles, surface then partially obscured. Seeds 1.8-2.6 mm.",capsule,y,,,MPD,genus
y,Eschscholzia californica,,Eschscholzia californica,ESCCAL,ESCCAL,ESCA2,Papaveraceae,forb,native,n,Jepson eflora,"Fruit: 3--9 cm. Seed: 1.5--1.8 mm wide, round to elliptic, net-ridged, brown to black",capsule,y,,,MPD,
y,Eschscholzia glyptosperma,,Eschscholzia glyptosperma,ESCGLY,ESCGLY,ESGL,Papaveraceae,forb,native,n,Jepson eflora,"Fruit: 4--7 cm. Seed: 1.2--1.8 mm wide, round, minutely pitted, tan to ashy-gray",capsule,y,dehiscent from base,,MPD,genus
y,Eschscholzia minutiflora,,Eschscholzia minutiflora,ESCMIN,ESCMIN,ESMI,Papaveraceae,forb,native,n,Jepson eflora,"Fruit: 3--6 cm. Seed: 1--1.4 mm wide, generally oblong to elliptic, net-ridged, brown to black.",capsule,y,dehiscent from base,,MPD,genus
y,Platystemon californicus,,Platystemon californicus,PLACAL,PLACAL,PLCA5,Papaveraceae,forb,native,y,Jepson eflora & https://link.springer.com/content/pdf/10.1007/BF02858766.pdf,"Seed: 1 mm, elliptic to reniform, smooth, black. SOURCE 2: Platystemon californicus is an annual that produces two seed types that are
morphologically and physiologically different. Most seeds are enclosed in a persistent
pericarp, but some are naked. Hannan (1980) has documented that the naked seeds
have an innate dormancy when they are dispersed (in mid-summer), but germinate
readily in the fall. This behavior would delay germination until a season of more
predictable rainfall. The seeds enclosed in the pericarp do not germinate readily in
the fall and may persist in the soil seed bank. This polymorphism accounts for the
annual occurrence of this species in grasslands and periodic abundance after wildfires. SOURCE CONFIRMING: https://www.jstor.org/stable/pdf/41426142.pdf?casa_token=Ap6eq_OJG9UAAAAA:nfDNk0foYdShBNWMXmNYPp4d_Fx8JNie4SP9c3IN4mRr958HTlcQehhxhUwj1svd-PAO36Od5TL2vXyXe89-d9g4u6OC92tchSGxZUoL7A3AgzvygW3xow ",nutlet,,,,PD,genus
y,Diplacus bigelovii,Mimulus bigelovii,Diplacus bigelovii,DIPBIG,DIPBIG,MIBI6,Phrymaceae,forb,native,n,Jepson eflora,"Fruit: 7--13 mm, exserted.",capsule,,,,PD,genus
y,Erythranthe guttata,Mimulus guttatus,Erythranthe guttata,ERYGUT,ERYGUT,MIGU,Phrymaceae,forb,native,n,Jepson eflora,Fruit: 7--11 mm.,capsule,,,,PD,genus
y,Antirrhinum coulterianum,,Antirrhinum coulterianum,ANTCOU,ANTCOU,SACO13,Plantaginaceae,forb,native,n,Jepson eflora,"Fruit: 5--10 mm; upper chamber indehiscent. Seed: +- 1 mm, ovoid, black, netted and ridged. ",capsule,y,"generally dehiscent, lower chamber sometimes indehiscent",jepson eflora,,
y,Antirrhinum multiflorum,Antirrhinum thompsonii,Antirrhinum multiflorum,ANTMUL,ANTMUL,SAMU2,Plantaginaceae,forb,native,n,Jepson eflora,"Fruit: 7--11 mm, oblique-ovoid; dehiscent by 3 pores at tip, 1 in upper chamber, 2 in lower. Seed: 0.8--1.3 mm, ovoid, black, +- ridged.",capsule,y,,,,
y,Collinsia concolor,,Collinsia concolor,COLCON,COLCON,COCO,Plantaginaceae,forb,native,n,Jepson eflora,"Seed: many, +- round, flat. ",capsule,y,,,PD,genus
y,Collinsia heterophylla,,Collinsia heterophylla,COLHET,COLHET,COHE,Plantaginaceae,forb,native,n,Jepson eflora,"Seed: many, ovate, +- flat. ",capsule,y,,,PD,genus
y,Collinsia parviflora,,Collinsia parviflora,COLPAR,COLPAR,COPA3,Plantaginaceae,forb,native,n,SEINet,"Fruits: Capsule, septicidal and loculicidal, ovoid or elliptical, 3-5.5 mm long, the style usually persistent; seeds 2 per locule, small, brown.",capsule,y,,,PD,genus
y,Collinsia sparsiflora,,Collinsia sparsiflora,COLSPA,COLSPA,COSP,Plantaginaceae,forb,native,n,Jepson eflora,"Fruit: spheric; top generally red-blotched, revealed by widely spreading calyx lobes. Seed: 4--12, flat, +- round, generally concave, +- winged.",capsule,y,,,PD,genus
y,Mohavea confertiflora,Antirrhinum confertiflorum,Mohavea confertiflora,MOHCON,MOHCON,MOCO,Plantaginaceae,forb,native,n,Jepson eflora,"Seed: 1.5--2 mm, flat, ovate, smooth; wing incurved, +- cup-shaped.",capsule,y,"generally dehiscent, lower chamber sometimes indehiscent",jepson eflora,,
y,Plantago erecta,,Plantago erecta,PLAERE,PLAERE,PLER3,Plantaginaceae,forb,native,n,Jepson eflora ,"Seed: 2, 2--2.5 mm. ",capsule,y,,,PD/ND,genus
y,Plantago ovata,,Plantago ovata,PLAOVA,PLAOVA,PLOV,Plantaginaceae,forb,native,n,SEINet,"Fruit: capsules, breaking at or slightly below midd; SEEDS 2, ellipsoid, ca 2.3 mm long, ca 1.1 wide, reddish-brown to black, the inner surface deeply concave, the outer surface shiny",capsule,y,,,PD,
y,Plantago ovata var. insularis,Plantago insularis,Plantago insularis,PLAOVAI,PLAINS,PLOV,Plantaginaceae,forb,native,n,,assuming no bc above is no ,capsule,y,,,PD,
y,Plantago patagonica,,Plantago patagonica,PLAPAT,PLAPAT,PLPA2,Plantaginaceae,forb,native,n,SEINet,"SEEDS 2, ca. 2.2 mm long, ca. 1.2 mm wide, reddish-brown to light brown to dark brown (rarely black), the inner surface concave, the outer surface rounded and alveolate",capsule,y,,,PD,
y,Aegilops triuncialis,,Aegilops triuncialis,AEGTRI,AEGTRI,AETR,Poaceae,grass,invasive,y,Jepson eflora,"Fertile Spikelet: 7--13 mm, lance-ovate, glumes 2--3 awned; florets generally 3--5, lower 2 generally fertile; lemma 2--3-toothed, central tooth occasionally extended as an awn to 10 mm. Distal Spikelet: 7--9 mm, glumes 3-awned or 1-awned with 2 lateral teeth, awns generally 4--8 cm.",caryopsis,n,,,PD,genus
y,Aristida adscensionis,,Aristida adscensionis,ARIADS,ARIADS,ARAD,Poaceae,grass,native,n,Jepson eflora,"Spikelet: lower glume 4--8 mm, upper 6--12 mm; lemma 6--15 mm, awns +- equal, 7--20 mm, central straight to curved at base. Fruit: +- 15 mm. ",caryopsis,,,,PD/ND,genus
y,Avena barbata,,Avena barbata,AVEBAR,AVEBAR,AVBA,Poaceae,grass,invasive,n,Jepson eflora,"Spikelet: 21--30 mm; breaking apart above glumes and between florets; glumes 15--30 mm, 5--9-veined; callus bearded; florets 2--3; lemma 12--26 mm, generally densely soft-hairy below awn, teeth 2--6 mm, bristly, awns 20--45 mm, bent, twisted below bend.",caryopsis,n,,,PD/ND,genus
y,Avena fatua,,Avena fatua,AVEFAT,AVEFAT,AVFA,Poaceae,grass,invasive,n,SEINet,"Fruit - caryopsis, Caryopsis ellipsoid, longitudinally gr",caryopsis,n,,,PD/ND,
y,Bouteloua barbata,,Bouteloua barbata,BOUBAR,BOUBAR,BOBA2,Poaceae,grass,native,n,SEINet,"Fruit - caryopsis, Caryopsis ellipsoid, longitudinally grooved, hilum long-linear.",caryopsis,,,,PD,
y,Bromus diandrus,,Bromus diandrus,BRODIA,BRODIA,BRDI3,Poaceae,grass,invasive,n,SEINet,"Fruit - caryopsis, Caryopsis ellipsoid, longitudinally grooved, hilum long-linear, Caryopsis hairy at apex. ",caryopsis,n,,,PD/ND,
y,Bromus hordeaceus,,Bromus hordeaceus,BROHOR,BROHOR,BRHO2,Poaceae,grass,invasive,n,SEINet,"Caryopses equaling or shorter than the paleas, thin, weakly inrolled to flat. 2n = 28.",caryopsis,n,,,PD/ND,genus
y,Bromus madritensis,,Bromus madritensis,BROMAD,BROMAD,BRMA3,Poaceae,grass,invasive,n,Jepson eflora,"Spikelet: 27--50 mm, moderately flattened; glumes glabrous, lower 6--11 mm, 1-veined, upper 10--17 mm, 3-veined; lemma 11--23 mm, back rounded, glabrous or scabrous, teeth 1--3 mm, awn 12--30 mm, straight; sterile florets <= 3; florets not overlapping at maturity",caryopsis,n,,,PD,
y,Bromus rubens,,Bromus rubens,BRORUB,BRORUB,BRRU2,Poaceae,grass,invasive,n,SEINet,"Fruit - caryopsis, Caryopsis ellipsoid, longitudinally grooved, hilum long-linear, Caryopsis hairy at apex.",caryopsis,n,,,PD,
y,Bromus tectorum,,Bromus tectorum,BROTEC,BROTEC,BRTE,Poaceae,grass,invasive,n,SEINet,"Fruit - caryopsis, Caryopsis ellipsoid, longitudinally grooved, hilum long-linear, Caryopsis hairy at apex.",caryopsis,n,,,PD,
y,Cynosurus echinatus,,Cynosurus echinatus,CYNECH,CYNECH,,Poaceae,grass,invasive,n,Jepson eflora,"Fertile Spikelet: glume 6--12 mm, awned; florets 1--5. Sterile Spikelet: glume keeled, ciliate, long-pointed; florets 6--18; lemma awn < 8 mm.",caryopsis,,,,,
y,Deschampsia danthonioides,,Deschampsia danthonioides,DESDAN,DESDAN,DEDA,Poaceae,grass,native,n,Jepson eflora,"Spikelet: glume and lemma tips sometimes +- purple; glumes 4--9 mm, equal, lanceolate, acute to acuminate, 3-veined; florets generally 2; callus hairs < 1/2 lemma length; lemma 2--3 mm, generally 2--3-toothed at tip, faintly 1--3-veined, awned below middle, awn 4--9 mm, generally bent at mid-length.",caryopsis,,,,PD/ND,genus
y,Elymus caput-medusae,Taeniatherum caput-medusae,Elymus caput-medusae,ELYCAP,ELYCAP,TACA8,Poaceae,grass,invasive,n,Jepson eflora,"Spikelet: glumes 2, equal, 5--80 mm, awl- to awn-like, erect to spreading or reflexed, stiff, fused at base, generally glabrous; axis breaking above glumes; florets (3), lower fertile, upper vestigial on prolonged axis; fertile lemma lanceolate 5--8 mm, 5-veined, awn (20)30--100+ mm, flat, straight to outwardly curved, palea = lemma; reduced florets with 3-veined lemmas, palea 0; anthers < 2 mm.",caryopsis,n,,,PD,genus
y,Festuca microstachys,Vulpia microstachys,Festuca microstachys,FESMIC,FESMIC,VUMIM,Poaceae,grass,native,n,Jepson eflora,Fruit: +- 4--6 mm,caryopsis,n,,,PD,genus
y,Festuca myuros,Vulpia myuros,Festuca myuros,FESMYU,FESMYU,VUMY,Poaceae,grass,invasive,n,Jepson eflora,Fruit: 3.5--4.5 mm.,caryopsis,n,,,PD,
y,Festuca octoflora,Vulpia octoflora,Festuca octoflora,FESOCT,FESOCT,VUOCO,Poaceae,grass,native,n,Jepson eflora,Fruit: 2--3.5 mm.,caryopsis,n,,,PD,genus
y,Festuca perennis,Lolium multiflorum,Festuca perennis,FESPER,FESPER,LOPEM2,Poaceae,grass,invasive,n,Jepson eflora,"Spikelet: 5--22 mm; glume < rest of spikelet, 3.5--15 mm, lance-linear; lemma 3.5--9 mm, +- lanceolate, firmly membranous, awn 0--8 mm.",caryopsis,n,,,PD,
y,Gastridium ventricosum,Gastridium phleoides,Gastridium ventricosum,GASVEN,GASVEN,GAPH2,Poaceae,grass,invasive,n,Jepson eflora,"Spikelet: glumes translucent between veins, keel minutely scabrous, lower glume 6--7 mm, upper 3--5 mm; axis extended < 1 mm; lemma +- 1 mm, densely pubescent, awned below truncate, toothed tip, awn 3--6 mm, straight to curved.",caryopsis,n,awns attached,,,
y,Hordeum intercedens,,Hordeum intercedens,HORINT,HORINT,HOIN2,Poaceae,grass,native,n,Jepson eflora,"Central Spikelet: glumes 9--17 mm, generally straight with age, base flat; floret 4.5--7.5 mm; lemma awn 5.5--10 mm, generally slightly spreading with age. Lateral Spikelet: generally sterile; glumes < 18 mm, base flat; lemma 1.7--4.4 mm, tip obtuse to acute, awn generally 0 or < 1.2 mm.",caryopsis,n,,,PD/ND,genus
y,Hordeum murinum,,Hordeum murinum,HORMUR,HORMUR,HOMU,Poaceae,grass,invasive,n,Jepson eflora,"Central Spikelet: glumes 11--25 mm, margins generally ciliate, base flat; lemma 8--14 mm, awn 20--40 mm.Lateral Spikelet: staminate; glumes 11--35 cm, margins ciliate, base flat; lemma 8--15 mm, awn 20--50 mm.",caryopsis,n,,,PD,
y,Muhlenbergia microsperma,,Muhlenbergia microsperma,MUHMIC,MUHMIC,MUMI,Poaceae,grass,native,y,https://bioone.org/journals/madro%c3%b1o/volume-62/issue-1/0024-9637-62.1.21/Delayed-Seed-Dispersal-In-California-Deserts/10.3120/0024-9637-62.1.21.full,"bears cleistogamous spikelets in the lower leaf axils yielding caryopses that eventually germinate in situ within their protective sheaths, and chasmogamous spikelets with smaller unprotected caryopses that are immediately dispersed. This species grows in crevices, rocky habitats, and rockygravelly soils, and is distributed in the Mojave, Colorado, and Sonoran deserts (Felger 2000; Baldwin et al. 2002). A similar case of fruit dimorphism is also found in Muhlenbergia microsperma Trin. (Poaceae), a clumped annual to short-lived perennial grass that grows among rocks, along arroyos, and also on sand flats and playas in the Great Basin, Mojave and Sonoran deserts, and is also found in coastal sage scrub of southern California (Chase 1918; Felger 2000). Although amphicarpic grasses can be found in the Mojave and Sonoran deserts, reproductive dimorphism in the Poaceae also occurs frequently outside arid ecosystems (Campbell et al. 1983).",caryopsis,,,,PD,genus
y,Panicum hirticaule var. hirticaule,,Panicum hirticaule var. hirticaule,PANHIRH,PANHIR,PAHIH,Poaceae,grass,native,n,SEINet,"Caryopsis ellipsoid, longitudinally grooved, hilum long-linear",caryopsis,,,,PD,genus
n,Poa secunda,,Poa secunda,POASEC,POASEC,,Poaceae,grass,native,n,Jepson eflora,fertile anthers 0.2--4.5 mm; ovary glabrous; fruit firm.,caryopsis,,,,PD/ND,genus
y,Polypogon monspeliensis,,Polypogon monspeliensis,POLMON,POLMON,POMO5,Poaceae,grass,invasive,n,http://w3.biosci.utexas.edu/prc/K12/pages/Polypogon%20monspeliensis.html,"Fruit achene (caryopsis), obovoid to ellipsoid, 0.9 × 0.35—0.4 mm, orangey brown (reddish), glabrous, with shriveled remnants of stigmas persisting at tip, obscurely wrinkled but lacking irregular longitudinal ridges.",caryopsis,n,,,PD,
y,Schismus barbatus,,Schismus barbatus,SCHBAR,SCHBAR,SCBA,Poaceae,grass,invasive,n,SEINet,Caryopses 0.6-0.8 mm.,caryopsis,y,,,PD,
y,Stipa capensis,,Stipa capensis,STICAP,STICAP,ACCA34,Poaceae,grass,invasive,n,http://www.plantsoftheworldonline.org/taxon/urn:lsid:ipni.org:names:60458043-2,Caryopsis with adherent pericarp; fusiform. Hilum linear.,caryopsis,n,long awn,,PD,
y,Aliciella latifolia ssp. latifolia,Gilia latifolia ssp. Latifolia,Aliciella latifolia,ALILATL,ALILAT,ALLAL3,Polemoniaceae,forb,native,n,Jepson eflora,"Fruit: 5--7 mm, >= calyx, ovoid. Seed: many, deep red-brown.",capsule,y,"Fruits are capsules with 3-compartments, each having many reddish-brown seeds.",,PD,genus
y,Eriastrum diffusum,,Eriastrum diffusum,ERIDIF,ERIDIF,ERDI2,Polemoniaceae,forb,native,n,Jepson eflora,Seed: 1--several per chamber.,capsule,,,,PD,
y,Eriastrum eremicum,,Eriastrum eremicum,ERIERE,ERIERE,ERER2,Polemoniaceae,forb,native,n,Jepson eflora,Seed: 1--several per chamber.,capsule,,,,PD,genus
y,Eriastrum sapphirinum,,Eriastrum sapphirinum,ERISAP,ERISAP,ERSA,Polemoniaceae,forb,native,n,Jepson eflora,Seed: 1--several per chamber.,capsule,,,,PD,genus
y,Gilia angelensis,,Gilia angelensis,GILANG,GILANG,GIAN,Polemoniaceae,forb,native,n,Jepson eflora,"Fruit: 4--5 mm, < calyx, ovoid. Seed: 18--30, 0.8--1.4 mm, 0.5--0.8 mm wide, ovoid, reniform, or angular, light brown.",capsule,,,,PD,genus
y,Gilia capitata,,Gilia capitata,GILCAP,GILCAP,GICA5,Polemoniaceae,forb,native,n,Jepson eflora,"Fruit: spheric, ovoid, or obovoid. Seed: 1--25.",capsule,,,,PD,
y,Gilia latiflora ssp. davyi,,Gilia latiflora ssp. davyi,GILLATD,GILLAT,GILAD,Polemoniaceae,forb,native,n,Jepson eflora,Fruit: 6--9 mm.,capsule,,,,PD,genus
y,Gilia tricolor,,Gilia tricolor,GILTRI,GILTRI,GITR2,Polemoniaceae,forb,native,n,Jepson eflora,"Fruit: 3--6 mm, <= calyx, ovoid. Seed: 9--36.",capsule,,,,PD,genus
y,Langloisia setosissima ssp. punctata,,Langloisia setosissima ssp. punctata,LANSETP,LANSET,LASEP,Polemoniaceae,forb,native,n,Jepson eflora,"Fruit: lance-oblong, triangular in ×-section; outer wall of valve flat. Seed: gelatinous when wet.",capsule,,,,,
n,Leptosiphon bicolor,Linanthus bicolor,Leptosiphon bicolor,LEPBIC,LEPBIC,LEBI8,Polemoniaceae,forb,native,n,Jepson eflora,"Family: Polemoniaceae: Fruit: capsule. Seed: 1--many, when wetted swelling or not, gelatinous or not.",capsule,y,,,,
y,Leptosiphon montanus,,Leptosiphon montanus,LEPMON,LEPMON,LEMO19,Polemoniaceae,forb,native,n,Jepson eflora,"Family: Polemoniaceae: Fruit: capsule. Seed: 1--many, when wetted swelling or not, gelatinous or not.",capsule,y,,,,
y,Linanthus bigelovii,,Linanthus bigelovii,LINBIG,LINBIG,LIBI2,Polemoniaceae,forb,native,n,Jepson eflora,"Fruit: < calyx, cylindric. Seed: 9--28, swelling, +- gelatinous when wet.",capsule,,,,,
y,Linanthus dichotomus,,Linanthus dichotomus,LINDIC,LINDIC,LIDI2,Polemoniaceae,forb,native,n,Jepson eflora,"Fruit: < calyx, ellipsoid to cylindric. Seed: 15--28, not gelatinous when wet",capsule,,,,,
y,Loeseliastrum matthewsii,,Loeseliastrum matthewsii,LOEMAT,LOEMAT,LOMA10,Polemoniaceae,forb,native,n,Jepson eflora,"Fruit: 2--5 mm, ovoid, 3-lobed in ×-section; outer wall of valve rounded or indented between walls separating chambers. Seed: gelatinous when wet.",capsule,,,,,
y,Microsteris gracilis,Phlox gracilis,Microsteris gracilis,MICGRA,MICGRA,MIGR,Polemoniaceae,forb,native,n,Jepson eflora,Seed: gelatinous when wet. ,capsule,,,,PD,
y,Navarretia atractyloides,,Navarretia atractyloides,NAVATR,NAVATR,NAAT,Polemoniaceae,forb,native,n,https://www.jstor.org/stable/pdf/41423515.pdf?casa_token=QRimF2thdMkAAAAA:LbzQJk_e0M3Q4Mn0wL8hHpchD6rRCbVh6x7xVvjiFj_pPZeNsI4a2TUxkiYFQmz-kKsZIpjGqjiIwIxapHiZgmYlZU2sWYjje1rru_Af188Xgn7hor61 Jepson eflora &SEINet,"Six species, N. hamata , N. atra-
 ctyloides , N. viscidula , N. breweri, N. prolifera and N. divaricata , possess
 3 -celled, coriaceous capsules that separate into discrete vales from the base upwards, and release three to five seeds per locule. *Info on genus: CAPSULE: ovoid to ellipsoid, dehiscent to indehiscent; seeds 1-7 per locule, gelatinous when wet.",capsule,y,,,PD,genus
y,Navarretia hamata,,Navarretia hamata,NAVHAM,NAVHAM,NAHA2,Polemoniaceae,forb,native,n,https://www.jstor.org/stable/pdf/41423515.pdf?casa_token=QRimF2thdMkAAAAA:LbzQJk_e0M3Q4Mn0wL8hHpchD6rRCbVh6x7xVvjiFj_pPZeNsI4a2TUxkiYFQmz-kKsZIpjGqjiIwIxapHiZgmYlZU2sWYjje1rru_Af188Xgn7hor61 Jepson eflora & SEINet,"Six species, N. hamata , N. atra-
 ctyloides , N. viscidula , N. breweri, N. prolifera and N. divaricata , possess
 3 -celled, coriaceous capsules that separate into discrete vales from the base upwards, and release three to five seeds per locule. *info on genus: CAPSULE: ovoid to ellipsoid, dehiscent to indehiscent; seeds 1-7 per locule, gelatinous when wet.",capsule,y,,,PD,genus
n,Navarretia jepsonii,,Navarretia jepsonii,NAVJEP,NAVJEP,NAJE,Polemoniaceae,forb,native,n,https://www.jstor.org/stable/pdf/41423515.pdf?casa_token=QRimF2thdMkAAAAA:LbzQJk_e0M3Q4Mn0wL8hHpchD6rRCbVh6x7xVvjiFj_pPZeNsI4a2TUxkiYFQmz-kKsZIpjGqjiIwIxapHiZgmYlZU2sWYjje1rru_Af188Xgn7hor61 Jepson eflora & SEINet," Six species, N. pubescens, N. mitracarpa , N. jepsonii ; N. heterandra , N. erto - cephala and N. cotulaefolia, are modified in another direction. The cap- sules disintegrate about the base, leaving a chartaceous ""cap"" enveloping the seeds. All are unilocular, 1-seeded, except for N. pubescens , which may also be 2 -seeded and represent culmination in reduction of number of locules and number of seeds  *Info on genus: Seed: 1--many per fruit, brown, gelatinous when wet. Species Fruit: chamber 1; valves 8, dehiscing in lower 1/2.",capsule,y,,,PD,genus
y,Navarretia pubescens,,Navarretia pubescens,NAVPUB,NAVPUB,NAPU2,Polemoniaceae,forb,native,n,https://www.jstor.org/stable/pdf/41423515.pdf?casa_token=QRimF2thdMkAAAAA:LbzQJk_e0M3Q4Mn0wL8hHpchD6rRCbVh6x7xVvjiFj_pPZeNsI4a2TUxkiYFQmz-kKsZIpjGqjiIwIxapHiZgmYlZU2sWYjje1rru_Af188Xgn7hor61 Jepson eflora & SEINet,"Navarretia pubescens , a member of this group, matures 1- and 2 -seeded capsules within the same flowering head, but those with one seed are in the majority *Info on genus: Seed: 1--many per fruit, brown, gelatinous when wet.  Species Fruit: chamber 1; valves 4, dehiscing in lower 1/2.",capsule,y,,,PD,genus
y,Chorizanthe brevicornu,,Chorizanthe brevicornu,CHOBRE,CHOBRE,CHBR,Polygonaceae,forb,native,n,SEINet,"Fruits: Achenes slightly curved, slightly exserted.",achene,n,,,,
y,Chorizanthe brevicornu var. brevicornu,,Chorizanthe brevicornu,CHOBREB,CHOBRE,CHBRB,Polygonaceae,forb,native,n,,no info found in Jepson or SEINet.,achene,n,,,,
y,Chorizanthe fimbriata,,Chorizanthe fimbriata,CHOFIM,CHOFIM,CHFI2,Polygonaceae,forb,native,n,Jepson eflora and SEINet,"Fruit: 3--4 mm. (Jepson) Achenes brown, lenticular, 3-4 mm. (SEINet)",achene,n,,,,
y,Chorizanthe staticoides,,Chorizanthe staticoides,CHOSTA,CHOSTA,CHST4,Polygonaceae,forb,native,n,Jepson eflora and SEINet,"Fruit: 3--4 mm. (Jepson) Achenes brown, lenticular, 3-4 mm. (SEINet)",achene,n,,,,
y,Eriogonum gracillimum,,Eriogonum gracillimum,ERIGRA,ERIGRA,,Polygonaceae,forb,native,n,Jepson eflora,"Fruit: 1--1.2(1.5) mm, glabrous",achene,,,,PD,genus
y,Eriogonum parishii,,Eriogonum parishii,ERIPAR,ERIPAR,ERPA6,Polygonaceae,forb,native,n,Jepson eflora,"Fruit: 1--1.3 mm, glabrous.",achene,,,,PD,genus
y,Eriogonum pharnaceoides,,Eriogonum pharnaceoides,ERIPHA,ERIPHA,ERPH2,Polygonaceae,forb,native,n,SEINet,"Achenes: brown to blackish, lenticular, 1.8-2 mm, glabrous.",achene,,,,PD,genus
y,Oxytheca perfoliata,,Oxytheca perfoliata,OXYPER,OXYPER,OXPE2,Polygonaceae,forb,native,n,SEINet,"Achenes dark brown to maroon, 1.5-2 mm.",achene,,,,,
y,Pterostegia drymarioides,,Pterostegia drymarioides,PTEDRY,PTEDRY,PTDR,Polygonaceae,forb,native,n,SEINet & Jepson eflora ,"Achenes 1.2-1.5 mm. Fruit: 1.2--1.5 mm, obconic, winged, glabrous, generally brown; embryo straight.",achene,,,,,
y,Anagallis arvensis,Lysimachia arvensis,Anagallis arvensis,ANAARV,ANAARV,ANAR,Primulaceae,forb,invasive,n,SEINet,Fruits: Circumsessile capsule (opening at the top like a lid) 4-6 mm long. Seeds 12-45.,capsule,y,,,PD,
n,Galium aparine,,Galium aparine,GALAPA,GALAPA,GAAP2,Rubiaceae,forb,native,n,Jepson eflora,"Fruit: nutlets; hairs many, short, hooked.",nutlet,y,,,PD,
y,Galium murale,,Galium murale,GALMUR,GALMUR,GAMU4,Rubiaceae,forb,invasive,n,Jepson eflora,"Fruit: nutlets, sausage-shaped, length 3--4 × width; hairs uneven-scattered, hooked, nutlet tips long-densely hairy.",nutlet,y,,,PD,genus
y,Physalis crassifolia,,Physalis crassifolia,PHYCRA,PHYCRA,PHCR4,Solanaceae,forb,native,n,SEINet,"*info on genus: Seed: many, 2--2.5 mm, +- spheric to reniform. Species Fruits: Greenish berry. ",berry,,,,PD/ND,genus
y,Hesperocnide tenella,,Hesperocnide tenella,HESTEN,HESTEN,HETE5,Urticaceae,forb,native,n,Jepson eflora,Fruit: ovate.,achene,,,,PD,genus